Republican,Democrat,username
https://twitter.com/michelsforgov,https://twitter.com/GovEvers,GovEvers
https://twitter.com/ChristineDrazan,https://twitter.com/TinaKotek,TinaKotek
https://twitter.com/JoeLombardoNV,https://twitter.com/GovSisolak,GovSisolak
https://twitter.com/KariLake,https://twitter.com/katiehobbs,katiehobbs
https://twitter.com/DerekSchmidtKS,https://twitter.com/LauraKellyKS,LauraKellyKS
https://twitter.com/MarkRonchettiNM,https://twitter.com/GovMLG,GovMLG
https://twitter.com/TudorDixon,https://twitter.com/gretchenwhitmer,gretchenwhitmer
https://twitter.com/PaulLePage2022,https://twitter.com/GovJanetMills,GovJanetMills
https://twitter.com/BrianKempGA,https://twitter.com/staceyabrams,staceyabrams
https://twitter.com/drscottjensen,https://twitter.com/GovTimWalz,GovTimWalz
https://twitter.com/dougmastriano,https://twitter.com/JoshShapiroPA,JoshShapiroPA
https://twitter.com/GovStitt,https://twitter.com/joy4ok,joy4ok
https://twitter.com/RonDeSantisFL,https://twitter.com/CharlieCrist,CharlieCrist
https://twitter.com/leezeldin,https://twitter.com/GovKathyHochul,GovKathyHochul
https://twitter.com/GregAbbott_TX,https://twitter.com/BetoORourke,BetoORourke
https://twitter.com/bobforgovernor,https://twitter.com/GovNedLamont,GovNedLamont
https://twitter.com/AshleyKalus,https://twitter.com/GovDanMcKee,GovDanMcKee
https://twitter.com/henrymcmaster,https://twitter.com/JoeCunninghamSC,JoeCunninghamSC
https://twitter.com/heidiganahl,https://twitter.com/PolisForCO,PolisForCO
https://twitter.com/DarrenBaileyIL,https://twitter.com/JBPritzker,JBPritzker
https://twitter.com/jim_pillen,https://twitter.com/Blood4G,Blood4G
https://twitter.com/MikeDunleavyGov,https://twitter.com/Gara_4_Governor,Gara_4_Governor
https://twitter.com/ChrisSununu,https://twitter.com/TomShermanNH,TomShermanNH
https://twitter.com/IAGovernor,https://twitter.com/DeidreDeJear,DeidreDeJear
https://twitter.com/MikeDeWine,https://twitter.com/nanwhaley,nanwhaley
https://twitter.com/BrianDahleCA,https://twitter.com/GavinNewsom,GavinNewsom
https://twitter.com/KristiNoem,https://twitter.com/RepJamieSmith,RepJamieSmith
https://twitter.com/SarahHuckabee,https://twitter.com/JonesForAR,JonesForAR
https://twitter.com/maura_healey,https://twitter.com/RepGeoffDiehl,RepGeoffDiehl
https://twitter.com/iamwesmoore,https://twitter.com/DanCoxEsq,DanCoxEsq
https://twitter.com/GovHawaii,https://twitter.com/DukeAiona2022,DukeAiona2022
https://twitter.com/GovBillLee,https://twitter.com/jasonbmartin,jasonbmartin
https://twitter.com/BrendaForVT,https://twitter.com/GovPhilScott,GovPhilScott
https://twitter.com/kayiveyforgov,https://twitter.com/Yolandaforgov,Yolandaforgov
https://twitter.com/RealABundy,https://twitter.com/heidtforgov,heidtforgov
