created_at,id,username,name,withheld.country_codes
2009-06-02T20:12:29.000Z,44196397,elonmusk,Elon Musk,
2012-07-11T16:54:40.000Z,633050374,2006legend,Aba Micah,
2008-08-08T02:16:23.000Z,15772978,jessicagarson,Jessica Garson,
2016-01-23T19:14:25.000Z,4839528448,bitcoincoreorg,Bitcoin Core Project,
2009-03-18T04:43:46.000Z,25029451,Punkaboo,blue checkmark (real),
2018-06-20T17:13:38.000Z,1009484430250053632,coraF256,cora,
2010-01-25T05:56:22.000Z,108209516,ashevat,Amir Shevat,
2013-01-05T06:56:49.000Z,1062359582,TheSherylKlein,Sheryl Klein LaviğŸ´ó §ó ¢ó ³ó £ó ´ó ¿,
2011-01-27T15:10:03.000Z,243665363,mongeliliana,Liliana AidÃ© Monge,
2012-01-10T04:01:22.000Z,459860328,JulieMendoza206,julieâœ¨,
2011-03-29T07:34:07.000Z,273830767,rahuligun,î¨€ ğŸ„¿ğŸ…„ğŸ…‚ğŸ„· î¨€,
2019-11-05T10:55:58.000Z,1191670412033196032,jason_in_japan,jason,
2014-06-24T19:44:34.000Z,2638518929,jenkpowers,Jen Powers,
2015-02-01T23:19:06.000Z,3007236186,Si_ximujin,Si,
2017-03-06T18:52:32.000Z,838824636158627840,FindingMeeemo,mimi,
2015-01-27T00:12:38.000Z,2997635012,jpodnos,Jared Podnos,
2013-07-15T18:18:17.000Z,1596449330,HoranMikeS,Michael Horan,
2009-02-27T19:30:52.000Z,22178537,ericmartinyc,Eric Martin ğŸ‘ğŸ¼,
2012-09-29T18:38:49.000Z,853388192,haimvat,Haim Vaturi,
2008-02-06T02:25:50.000Z,13130832,briankahrs,Brian Kahrs,
2009-06-23T09:58:45.000Z,49936717,vincethecoder,Vince K. Sam ğŸ’»,
2019-09-12T00:14:45.000Z,1171940098687950848,HackerScorer,#PartnerCup â›³ğŸŒï¸â€â™€ï¸ğŸŒï¸â€â™‚ï¸,
2010-04-27T01:24:48.000Z,137535997,sunscreenpapi,sunscreenpapi (parody),
2008-08-12T17:12:38.000Z,15824980,khammami,Khalil Hammami,
2009-07-30T11:55:18.000Z,61467706,miss_mixtape,miss mixtape,
2010-11-03T20:45:18.000Z,211637915,imaria20_,"Maria (ela, ella, she)",
2013-06-05T11:42:41.000Z,1484826829,twum_jnr,slightly used dev,
2009-09-18T12:06:02.000Z,75263523,Sprinklr,Sprinklr,
2014-06-23T23:51:02.000Z,2584784815,ryanjgallag,Ryan J. Gallagher,
2015-01-21T15:55:46.000Z,2990106209,JohnSpall247,John M. Spallanzani,
2014-05-30T00:59:34.000Z,2533768586,selynnasun,Selynna Sun,
2013-08-01T03:48:55.000Z,1637021982,RainaMerchant,"Raina Merchant, MD MSHP FAHA",
2020-07-06T13:18:03.000Z,1280128841550311424,SyasCode,Syas,
2014-04-03T08:02:16.000Z,2425259995,nahidofficialbd,Md Nahid Islam ğŸ‡§ğŸ‡©ğŸ‡¶ğŸ‡¦,
2007-01-23T10:24:39.000Z,685863,mjzitek,Mike Zitek,
2011-02-07T22:07:11.000Z,248869046,Antoinedroid,Antoine Danois,
2010-01-12T18:33:43.000Z,104236352,Mistermatt007,Matthieu V,
2013-07-23T16:58:03.000Z,1615654896,PennMedCDH,Penn Med CDH,
2009-04-09T12:09:56.000Z,29970507,roycehaynes,Royce,
2019-09-02T02:10:36.000Z,1168345391135371267,deevirga,Donna Virga,
2010-03-17T23:14:26.000Z,124005464,KellyAyo,kelly-ayo,
2015-10-10T21:07:33.000Z,3921628635,JamesLoduca,James Loduca (he/him/Ã©l),
2009-04-16T15:34:22.000Z,31898295,Derella,Matt Derella,
2014-03-19T14:31:48.000Z,2397965574,RebeccaW,Rebecca Welley,
2016-08-03T07:26:07.000Z,760738503370084352,ChelseaHipwood,Chels ğŸ’…ğŸ¾,
2009-05-19T20:40:38.000Z,41204968,andyantos,Andy Antos,
2014-01-04T13:08:27.000Z,2276100433,_mirels_,Mirela Anghel,
2012-02-18T08:19:56.000Z,495741050,arisirenita,Arielle Schwartz ğŸ¤,
2011-07-23T00:09:52.000Z,340611224,mauropiano,Mauro Piano,
2008-10-26T15:04:59.000Z,16981198,anniehanannie,A Knee,
2009-04-17T14:05:55.000Z,32416361,mattjbones,Matt ğŸ¦•,
2011-09-25T00:35:16.000Z,379455191,artxbel,alberticoâœ¨,
2007-05-30T20:52:05.000Z,6453472,farez,Farez ğŸ„ğŸ½â€â™‚ï¸,
2011-05-04T01:22:46.000Z,292670084,thedavecarroll,Dave Carroll,
2013-08-26T01:07:06.000Z,1700547000,Sr__Half,FlÃ¡vio Santos ğŸ‡§ğŸ‡·,
2015-06-27T00:55:17.000Z,3347115521,vice_elisabete,Elisabeth ğŸµğŸ¶ğŸŒğŸ”­ğŸŒŒğŸ’« Instagram @betymaisvc2010,
2016-10-05T14:35:49.000Z,783677076951924739,_luisf02,Luis Francisco,
2009-11-07T20:19:43.000Z,88262421,GibbyBlogger,Gibby,
2015-06-28T14:37:17.000Z,3349202854,Sanji4579094169,Sanji,
2008-03-20T16:02:45.000Z,14184976,evanholt,Evan Holt,
2010-06-27T23:06:25.000Z,160348679,not_stin,Bene and the Gesserit,
2010-06-10T18:42:19.000Z,154236280,Chopra_Shagun,Shagun Chopra,
2018-01-02T07:44:24.000Z,948097629409263616,tianz_zzz,Tian Z,
2014-04-29T21:07:53.000Z,2469856424,bolaboss,BolÃ¡,
2017-05-23T04:52:38.000Z,866879520359448577,WoojuGG,Wooju oppağŸ‘½ He/Him,
2012-02-13T03:50:02.000Z,490980933,replylord,tyler,
2019-06-16T19:43:59.000Z,1140344288082944000,laur_tray,Lauren Pinnella Traylor,
2019-10-07T05:37:54.000Z,1181081146227970049,AmberAlBrown,Amber Brown,
2011-03-05T03:19:34.000Z,261034930,kdspaul,kiran paul,
2013-07-03T13:18:32.000Z,1565770556,twitpane,TwitPane(ã¤ã„ã£ã¨ãºãƒ¼ã‚“),
2013-05-18T16:48:36.000Z,1438844202,duraidabdul,Duraid Abdul,
2009-09-23T02:59:54.000Z,76540643,ramiro__nd,Ramiro,
2011-03-13T01:19:56.000Z,265104070,amyleebenn,Amy Lee Bennett,
2014-02-17T19:23:58.000Z,2349201699,NiklasBuelow,Niklas BÃ¼low,
2014-08-28T12:19:25.000Z,2776322588,mddanishyusuf,Mohd Danish,
2012-07-23T10:28:25.000Z,712198542,boris_holzer,Boris Holzer @boris_holzer@mastodon.social,
2009-06-20T16:58:48.000Z,49054165,benoitsan,BenoÃ®t,
2015-02-28T19:54:59.000Z,3064903881,migueloiro,miguel ç±³æ ¼å°”,
2014-11-27T02:28:40.000Z,2894082393,ivnnapna,ivanna,
2009-01-16T19:48:32.000Z,19081905,ChrisTeso,Chris,
2010-01-15T18:57:01.000Z,105224601,joemasilotti,Joe Masilotti ğŸ“—,
2014-01-24T14:42:45.000Z,2308474213,JoshWComeau,Josh W. Comeau,
2019-01-29T12:14:43.000Z,1090221700913029123,matiNotFound,Matias ğŸŸ ,
2008-03-06T17:12:18.000Z,14089924,gshaheen,george shaheen,
2013-11-21T02:15:47.000Z,2206101780,IgnacioChiazzo,Ignacio Chiazzo,
2019-06-17T14:03:54.000Z,1140621092006051840,raia_alvin,Alvin,
2011-02-16T00:20:21.000Z,252824570,sunnermatt,Matthew Sunner,
2011-06-30T15:56:40.000Z,326849698,KenzSmutz,Makenna Smutz,
2009-05-03T22:45:03.000Z,37522774,ralphbrooks,Ralph Brooks,
2011-04-04T22:19:24.000Z,277202420,seunoyebode,Seun,
2014-02-24T11:08:38.000Z,2359333566,1amarvind,ğŸ”¬Arv!nd Kumar,
2009-01-25T14:18:06.000Z,19489255,WDUK,David Stockley,
2009-01-26T14:25:32.000Z,19536178,sebastianroming,webmonkey,
2016-08-05T14:28:43.000Z,761569626685833216,jannik_schwade,Jannik Schwade,
2012-07-24T22:59:27.000Z,715071139,_7aso0on,Hussain,
2012-09-22T12:30:57.000Z,839668676,DarylOwenJ,ã‚ªãƒ¼ã‚¦ã‚§ãƒ³,
2012-06-25T11:52:19.000Z,618029513,edisdev,Hatice Edis ğŸ“Ÿ,
2013-10-04T15:46:40.000Z,1934669329,ikirker,Ian Kirker,
2010-09-25T01:35:35.000Z,194811144,jolaurin24,Jonathan Laurin,
2009-05-06T22:21:23.000Z,38292395,alfongj,Alfonso ğŸ€ğŸª,
2006-09-02T01:59:11.000Z,5177,serdar,Serdar KiliÃ§,
2013-01-03T13:52:19.000Z,1057825998,chmanw,Chima,
2006-11-20T00:04:50.000Z,13148,inky,liam,
2008-07-12T02:02:26.000Z,15399427,jony_silva,Jonathan,
2012-03-23T18:32:49.000Z,534682665,simon_jthompson,Simon,
2008-06-03T16:42:57.000Z,14994626,jordan_dixon,jordan,
2014-06-10T15:04:19.000Z,2559234067,CMaalouli,Carla El Maalouli,
2009-02-25T23:39:56.000Z,21937068,lizkelley,liz kelley,
2010-06-23T06:46:14.000Z,158647045,reihingj,James Francis,
2011-09-13T19:12:40.000Z,372969203,megsraye,Megan (Carlisle) Cervantes,
2014-02-07T16:00:52.000Z,2332068752,GlyneGittens,Black Fraught ğŸ˜©,
2009-04-25T08:08:08.000Z,35175325,mariumwebster,Marium R. Qureshi,
2012-09-25T20:49:35.000Z,846203268,sourenian,david,
2009-01-16T10:15:36.000Z,19061426,rboyer,Romain Boyer,
2010-07-05T15:55:43.000Z,163116279,AHerblin,Audrey Herblin-Stoop,
2009-08-29T14:05:53.000Z,69873966,GaellePasteur,GaÃ«lle Pasteur ğŸƒ,
2015-09-18T20:49:09.000Z,3700118603,JudithSoundy,Judith Soundy,
2016-01-12T09:43:37.000Z,4782967163,clodescoms,ChloÃ© î¨€âš¡,
2011-06-17T11:39:38.000Z,318990027,Ikrame,ikrame ğŸŒª,
2010-07-02T14:25:55.000Z,162058729,JulieSalesses,Julie S.,
2011-07-11T14:57:26.000Z,333438824,gurnoorsingh7,gurnoor singh,
2009-03-14T13:44:41.000Z,24369716,SawdaSays,S.,
2012-05-08T03:14:05.000Z,574242162,AlexWach,Alex Wach,
2014-02-22T06:26:01.000Z,2358013553,AyaNakamuraa,Aya Nakamura,
2017-07-17T01:31:00.000Z,886760109858312192,abrahamcalf,Abraham Calf,
2012-11-03T11:13:49.000Z,922977192,1paulowe,Paul,
2013-08-26T17:04:57.000Z,1702439972,ealvareztheswig,Eric Alvarez,
2009-11-04T10:55:17.000Z,87412190,nikoseti,Nicholas Gichuru,
2012-02-20T12:15:16.000Z,497834217,ChlodAlejandro,chlod,
2018-10-04T23:30:23.000Z,1047992355226312706,devnicius,Vinissue ğŸ¤™,
2009-03-29T00:08:31.000Z,27340011,sarcasT0NY,melatony,
2017-12-12T14:31:49.000Z,940590016123817984,oikoritsa,SSR psina,
2019-08-31T09:17:54.000Z,1167728064488529921,matislearning,Matthew,
2013-08-04T21:54:29.000Z,1646245537,Guuri11,GuuriiiiğŸ”¥,
2019-01-26T10:33:26.000Z,1089109049231228929,diogogmmendes,Diogo Mendes,
2015-02-14T15:05:27.000Z,3036963934,ITzPake,Pake,
2010-01-08T21:47:21.000Z,103094668,MartyHowes,Martin Howes,
2011-04-16T19:06:15.000Z,283179808,JelaniThompson_,Jelani Thompson,
2009-09-03T11:58:35.000Z,71235154,Gabriel_Albq,Gabriel,
2008-11-20T05:16:28.000Z,17505160,SyafieMustafa,ğŸ‡ºğŸ‡³ Fie î¨€,
2011-06-13T16:22:14.000Z,316546486,Sean12697,Sean O'Mahoney ğŸ§™â€â™‚ï¸ğŸ»ğŸ‘¨â€ğŸ’»,
2010-06-07T01:33:31.000Z,152847605,e_m_mh,Emmanuel Curiel,
2011-10-13T17:17:32.000Z,390226670,d_valdenegro,Daniel Valdenegro,
2018-08-05T18:34:59.000Z,1026174744222199810,AdemOzcan68,Adem Furkan Ã–zcan,
2011-03-14T15:21:21.000Z,266049280,ilcarbo,ilcarbo,
2008-12-30T17:15:28.000Z,18482041,smurtagh,Santi Murtagh,
2012-10-02T19:25:48.000Z,858584257,nnajiabraham,Abraham,
2015-10-02T11:37:05.000Z,3842600080,RemixNv,Nik V.,
2010-03-13T15:57:57.000Z,122701796,kaiohbrito,Kaio Brito,
2007-03-26T01:50:41.000Z,2236091,watters,Cameron Watters,
2015-07-30T05:43:13.000Z,3301148736,shubhaswamyy,shubha,
2012-03-25T05:26:32.000Z,536018872,thesteggie,Christine Chen* ğŸ¦†,
2017-07-23T17:26:33.000Z,889174908261060608,arozhko_,Anatoly Rozhko ğŸ‡ºğŸ‡¦,
2019-03-04T16:54:16.000Z,1102613239345659904,itsjackdunn,Jack Dunn,
2009-08-01T15:29:20.000Z,62054392,zenoachtig,Zeno âœ¨,
2014-08-17T19:57:45.000Z,2740368090,Ni5hah,Nisha Shah,
2008-07-09T05:41:07.000Z,15362696,movalex,Alexey Bogomolov,
2013-03-18T15:56:55.000Z,1278091098,esbenkam,Esben Mortensen,
2011-10-23T13:06:34.000Z,396561243,life_in_future,Martin S.,
2016-12-03T17:02:03.000Z,805094761031929856,sherlineistaken,Shirl âœ¨,
2020-02-24T15:55:01.000Z,1231970651054821377,AzulApps_,AzulApps,
2014-07-16T08:13:01.000Z,2650374499,yashvcdeshmukh,Yash Deshmukh,
2019-09-22T17:11:25.000Z,1175819781116547072,dal_lumi,Candy,
2016-10-04T22:16:21.000Z,783430583099666432,GN,Gennaro N. î¨€,
2016-04-30T05:47:43.000Z,726286892967288832,kingmedott,Ahmad,
2013-01-09T11:42:23.000Z,1073549461,serranicolas_,Nicolas Serra,
2011-02-25T10:04:28.000Z,257399349,americanmegalo,Megan is americanmegalo everywhere,
2011-01-18T20:50:49.000Z,239957708,amisha_sud,Amisha Sud,
2006-04-03T16:00:21.000Z,76,marciadorsey,Marcia DorseyğŸŒ»âšœï¸ğŸ—½,
2011-01-10T02:06:34.000Z,236209129,leslieberland,Leslie Berland,
2012-05-27T02:36:28.000Z,591524484,DanielStormApps,Daniel Storm,
2010-10-31T08:19:03.000Z,210368318,vladeku,Vladimir Khuraskin,
2015-02-06T17:21:57.000Z,3021719709,CodyFreeberg,Cody Freeberg âœï¸ğŸ‡ºğŸ‡¸,
2008-01-02T09:18:39.000Z,11747442,zorrobiwan,Pascal Alberty - zorrobiwan@mastodon.online,
2010-11-05T07:15:38.000Z,212137619,hikyleharris,Kyle Harris,
2015-01-30T13:50:31.000Z,3005608265,AniOfficial97,Aniruddha samajdar,
2011-08-19T13:34:10.000Z,358156150,Gitarre3,Gitarre3,
2009-03-13T16:21:49.000Z,24198398,TwitVOR,theVoiceofReason,
2013-03-01T18:13:16.000Z,1230763771,ScaiLanCrei,Juan Antonio,
2008-04-22T14:41:58.000Z,14475298,tinysubversions,Darius Kazemi,
2009-05-08T17:46:04.000Z,38708874,lpolovets,Leo Polovets,
2014-08-20T17:16:18.000Z,2748213749,jisshycoo,helvetica hoochie,
2017-06-01T17:58:26.000Z,870338763943100416,EyeDeeeen,Aidin Tonekaboni,
2011-11-24T23:27:28.000Z,420682508,kltelles,kat telles,
2012-06-19T06:16:20.000Z,612316193,sangzle,candy sao,
2014-02-16T19:45:39.000Z,2347355456,tapshah21,Tapan Shah,
2010-10-07T23:21:38.000Z,199881467,KatelynDCano,Katelyn Cano,
2009-03-06T14:12:59.000Z,23067523,femme_digital,Emily McCammon,
2017-08-23T08:21:43.000Z,900271822465380352,threader,Threader,
2014-06-06T01:19:20.000Z,2548985366,Blackbirds,Twitter Blackbirds,
2018-09-02T13:31:57.000Z,1036245345108410368,lesliearkorful,Leslie,
2008-03-10T00:14:55.000Z,14110325,jayholler,ğŸš¨WARNING: IMMINENT DANGERğŸš¨,
2013-02-27T20:01:12.000Z,1225933934,AdsAPI,Twitter Ads API,
2012-12-21T16:16:00.000Z,1026694159,josephlrice,Joe Rice,
2014-04-02T20:11:40.000Z,2424285702,MDBird,Matt Bird,
2013-09-24T20:06:37.000Z,1901617196,kolb,J. Kolb,
2012-08-23T21:59:48.000Z,776841180,ScalaHanSolo,Sean Callahan ğŸ‘¾,
2009-02-05T02:11:12.000Z,20114406,kbw,Kyle | Gitcoin | kbw.eth,
2009-05-02T21:48:49.000Z,37290907,boo,bruce.falck() ğŸ¦—,
2007-03-15T15:11:22.000Z,1228181,michaelmontano,Michael Montano,
2017-12-21T02:24:12.000Z,943668392396972032,LilyLi_13,Lily Li,
2013-06-15T18:47:35.000Z,1520120382,Open_Fuse,Darrell,
2009-04-28T06:21:53.000Z,36006931,tunap00,Tina Le,
2010-12-18T04:16:37.000Z,227902453,djFunFacts,Walt,
2009-06-30T16:43:53.000Z,52445243,_priyankashetty,Priyanka Shetty,
2007-09-17T06:58:32.000Z,8925602,wesley83,ğ•ğ•–ğ•¤ğ•ğ•–ğ•ª ğ”½ğ•’ğ•¦ğ•ğ•œğ•Ÿğ•–ğ•£,
2019-06-29T13:08:33.000Z,1144955815742332928,gesronet,$amuel Otomewo âš¡,
2012-12-25T15:15:20.000Z,1034979906,manuelvivoda,manny,
2009-08-04T18:21:26.000Z,62887919,DianaA,Diana ğŸ–¤,
2009-04-23T15:29:09.000Z,34640904,ahusker1,Amy Young ğŸ«¡ğŸ’™,
2014-09-25T22:19:26.000Z,2832255168,lkbhas,Laura Hasemeyer,
2009-02-04T20:02:15.000Z,20086442,jqiu,Jenny Qiu Hylbert,
2018-03-05T20:10:21.000Z,970753403314843650,eemshhh,E-Dawg,
2009-11-20T20:44:16.000Z,91421531,danbress,Dan Bress,
2010-07-12T17:33:29.000Z,165837734,binary_aaron,Î»(vibe): vibe.rshift(2),
2012-12-20T00:04:48.000Z,1023142248,MattDickinson5,Matthew Dickinson,
2012-07-21T22:12:56.000Z,709656486,brandonmikulka,Brandon Spork à² à²¿_à² ,
2011-04-29T19:09:49.000Z,290113136,MacMerritt,Mac Merritt,
2013-05-20T14:42:13.000Z,1443971138,JoshAFC,Josh,
2020-02-10T04:50:22.000Z,1226730045516828673,Soybeys,",",
2011-07-17T13:48:53.000Z,337119125,wongmjane,Jane Manchun Wong,
2009-08-12T17:38:23.000Z,65101419,MariefHull,Marie Hull,
2009-06-24T05:01:32.000Z,50219946,richddr,Richard Garcia ğŸ‡©ğŸ‡´,
2014-11-26T20:17:28.000Z,2893848982,simo_benhida,Mohamed Benhida ğŸ’­,
2014-10-25T09:52:57.000Z,2843466910,jalotis,Janek Wunderlich,
2020-01-10T23:13:08.000Z,1215773563812102144,Stephbrown513,Steph Brown,
2020-05-13T12:07:09.000Z,1260541850710159361,JamesZacharyRi1,Yeahyou,
2016-03-25T19:58:41.000Z,713455080645726212,m8_niclas,Niclas,
2015-07-09T12:51:27.000Z,3367577051,melownit,Mlowt,
2009-05-06T02:14:36.000Z,38088253,Candi,Candi Castleberry (She/Her),
2016-06-14T20:33:20.000Z,742817220179439616,KootiYabantu,Blackie,
2008-05-07T02:49:00.000Z,14682358,telisayancy,telisayancy,
2009-06-09T20:25:03.000Z,45934467,ClinicEscort,mkb ğŸ’™ğŸ‘,
2008-01-27T22:29:09.000Z,12762882,chichard41,Richard Johnson,
2008-05-19T20:05:46.000Z,14837377,pixelsguy,ğ•”ğ•¨ğ•šğ•¤ğ•–î¨€,
2017-10-19T22:31:19.000Z,921141741624938496,mirdaub,Mir,
2011-10-27T08:43:17.000Z,399291604,ShellieStewart1,Shellie Stewart,
2016-06-11T15:59:31.000Z,741661146109739008,zacmacphee,ZAC MACPHEE,
2008-12-15T21:26:40.000Z,18147204,Foleen,Eileen Foley,
2017-06-15T18:39:52.000Z,875422621059489794,CamCausey,Cameron Causey,
2009-03-06T03:10:34.000Z,23021643,torilevine0801,Tori Levine,
2012-05-02T14:15:40.000Z,569220369,KvdohertyQU,ğŸ‘¾,
2013-03-07T17:47:06.000Z,1249673383,Oooh_Tay,Taylor N ğŸ‘,
2012-02-16T19:38:37.000Z,494324186,LauraLikesPi,LauraLikesPi,
2009-01-26T15:43:29.000Z,19539923,SleepyDystopian,I Am Sam / Sleepless Dystopian,
2010-10-21T18:23:04.000Z,205838503,M_Gatta,Maria Gatta,
2011-05-14T16:52:13.000Z,298621778,muchamadhusyein,M... Husyein ğŸ‡®ğŸ‡© ğŸŒ ğŸ¥½,
2011-04-23T12:52:09.000Z,286661145,humanconfetti,Cook,
2019-09-20T01:23:19.000Z,1174856501204111360,bitprj,ğŸš€ Bit Project,
2014-12-03T04:27:55.000Z,2903286651,my_muslim_voice,The Strangers poets,
2008-05-24T20:08:43.000Z,14893345,yoyoel,Yoel Roth,
2010-03-24T19:05:33.000Z,126070731,alexa_kaspar,Alexa Kaspar,
2010-09-06T04:35:36.000Z,187416053,SeguraAndres7,Andres Segura-Tinoco,
2014-12-10T17:31:22.000Z,2914040439,CodeDrogo,Stateless,
2013-11-07T23:54:37.000Z,2181100537,hirimalibe,Malibe Hiribae,
2013-04-02T18:20:35.000Z,1323000732,NAJ_AJ,.Noga,
2007-04-12T04:55:15.000Z,4302721,Matthew238,Ken ichi AKIMOTO,
2019-10-21T23:54:13.000Z,1186430422189785094,ottodpc,OTTO Dieu-Puissant Cyprien,
2014-08-13T15:32:48.000Z,2729679972,dnmanor,DEE,
2011-03-01T01:28:05.000Z,259043749,ablack82,Austin Black,
2013-09-26T21:22:10.000Z,1909219404,everycolorbot,Every Color,
2009-05-05T04:53:31.000Z,37861434,earthquakesSF,SF QuakeBot,
2008-06-25T07:36:44.000Z,15228662,billsnitzer,billsnitzer,
2009-06-01T21:10:51.000Z,43973619,scott_peterson4,./scottğŸ“Š,
2018-08-12T17:03:22.000Z,1028688403112517632,keebin_,Kevin,
2012-11-26T16:48:13.000Z,972316837,verissimodiogo,Diogo VerÃ­ssimo,
2011-09-15T09:57:07.000Z,373874606,DanChallender,Dan Challender,
2012-06-02T11:34:06.000Z,597330065,NikiRust,Dr Niki Rust ğŸŒ»,
2014-06-03T13:56:18.000Z,2543576312,Ed_pheasant,Matthew Grainger,
2010-03-26T15:27:56.000Z,126655762,negronjb,ğŸŸ£ Mister J.B./ Don JosÃ© Bernardo .Â·. ğŸŒŠ,
2018-04-13T12:51:58.000Z,984776204459880448,VonMariePhD,"Von Marie RodrÃ­guez-GuzmÃ¡n, Ph.D.",
2013-01-14T20:55:50.000Z,1090139690,nathaliapls,nathÃ¡lia,
2017-07-21T06:32:34.000Z,888285552272736256,EazyOwl26,Isma'il,
2010-01-18T17:36:32.000Z,106155830,msdevUK,Microsoft Developer UK,
2012-10-23T01:27:39.000Z,898860300,ajb_sf,AJ,
2011-06-01T12:52:22.000Z,309044528,dara_tobi,Dara,
2019-04-21T19:43:48.000Z,1120050519182016513,RedouaneBali,Redouane,
2011-08-23T16:54:15.000Z,360708851,AerynLynne,Aeryn Lynne âˆğŸª¶,
2009-04-17T06:15:57.000Z,32330308,coderinheels,Gen Ashley ğŸ™ğŸ‡ºğŸ‡¦,
2009-07-28T23:33:15.000Z,61053048,JohnCalistro,John Calistro,
2011-10-12T13:40:03.000Z,389468789,arrdem,Location: @arrdem@macaw.social,
2009-07-29T01:45:26.000Z,61080739,tessak22,Tessa Kriesel is AFTğŸ¤±,
2009-07-17T16:53:52.000Z,57692791,omoseisreal,omose ogala,
2017-11-02T01:56:05.000Z,925904313792237568,adamu_fura,Adams Programmer ğŸ‘¨â€ğŸ’»ğŸ‘“,
2010-11-03T23:28:30.000Z,211684322,jmpspn,Nik Johnson,
2014-01-16T18:44:38.000Z,2294860146,katejaiheelee,KateğŸ«¡,
2010-02-28T05:13:56.000Z,118285131,immatthamlin,Matt Hamlin,
2011-11-09T14:32:44.000Z,408512238,EricFrohnhoefer,Eric Frohnhoefer @ ğŸ¡,
2019-01-06T13:20:27.000Z,1081903319830986755,Glasbaby6,GlasbabyğŸ’,
2010-10-13T14:17:12.000Z,202193994,Fasholaide,f(x),
2014-01-09T21:15:13.000Z,2284130947,dan_stevens9190,Daniel Stevens (he/him),
2009-08-17T20:32:12.000Z,66476470,MariaBenavides,MarÃ­a RenÃ©e,
2014-07-19T09:33:23.000Z,2659066236,Maryo0oum,Ù…ÙØ±Ù’ÙŠÙÙ…ÙğŸƒ,
2019-08-08T08:56:27.000Z,1159387886711689216,spacemontaine,â˜®ğš‚ğš™ğšŠğšŒğšğ™¼ğš˜ğš—ğšğšŠğš’ğš—ğšâ˜®,
2012-12-11T22:25:44.000Z,1005009372,b_hantsi,Bala or Hamza ğŸ‡³ğŸ‡¬,
2012-04-16T03:21:59.000Z,554911203,emilynunezc,emilysaurioğŸ¦–,
2011-09-19T04:48:48.000Z,376017717,jmo_mx,John Morrow,
2008-03-30T13:13:40.000Z,14258013,IMTheNachoMan,IMTheNachoMan,
2010-04-10T17:48:57.000Z,131575122,sdhanek,S D,
2019-01-17T17:28:43.000Z,1085952064671440896,EricDrewTweets,Eric Drew,
2007-03-28T03:26:47.000Z,2607381,ntakayama,Nick Takayama ğŸ’®Official,
2011-03-01T01:20:22.000Z,259040776,jillseroka,Jill Seroka,
2012-10-04T04:43:26.000Z,860871247,star95011,Cassandra,
2018-10-19T00:59:56.000Z,1053088322585686016,NFT_Depot,NFT_DEPOT,
2010-01-29T12:39:59.000Z,109549001,Bas_02,Bas Peters ğŸ¿,
2014-08-08T04:44:55.000Z,2716156272,QueenMayaG,maya gâœ¨,
2011-09-21T23:55:46.000Z,377695833,evansobkowicz,Evan Sobkowicz,
2015-07-22T19:07:29.000Z,3287798832,YahBoyAhmed,MJ,
2015-03-24T00:38:29.000Z,3105655687,LewisEraik,Lewis Erick,
2010-02-19T21:32:34.000Z,115764545,SaberOmrani,Saber OMRANI,
2011-06-21T16:17:09.000Z,321458185,AlexLamond1,Alex,
2019-10-17T06:41:15.000Z,1184720980096278528,codeswift27,Lexline Johnson #AbortionIsHealthcare,
2013-08-13T14:59:26.000Z,1668054211,JosoSXY,zosoSXY,
2009-12-31T07:31:29.000Z,100712312,just1and0,Oluwatobi Shokunbi,
2012-01-08T12:19:27.000Z,458311147,jacopoalberto,Jacopo Alberto Giorgino,
2010-01-27T23:05:51.000Z,109086610,kaoudis,kaoudis,
2010-06-18T05:25:04.000Z,156877944,asepandrif,A Andri,
2017-04-29T18:14:57.000Z,858384123655630848,JRSarmi,Jonathan,
2015-03-22T15:43:37.000Z,3103489957,Aniumss,Aniums,
2017-12-14T15:37:34.000Z,941331337759346688,louanben,Louan (parody),
2013-04-06T23:26:49.000Z,1332688104,RagnAgger,Dr Ragnar áš ,
2009-04-24T22:34:29.000Z,35063411,liblaura,Laura Wrubel,
2010-10-18T19:43:19.000Z,204474786,auwalms,Auwal MS,
2009-03-11T22:43:44.000Z,23845897,Meltwater,Meltwater,
2007-03-20T16:13:52.000Z,1643201,ydosios,Yannis Dosios,
2011-01-05T17:37:02.000Z,234444079,KashmirMaryam,Kashmir Maryam,
2009-06-19T17:59:05.000Z,48776953,joepursel,#JIRAJoe he/him,
2012-04-07T06:43:47.000Z,547469586,johnkagga,John Kagga,
2009-07-02T09:03:11.000Z,53014850,charl_tys,Charlâœ¨,
2011-05-10T06:46:52.000Z,296111765,DodoNerd,Bhav PatelğŸ“Š,
2007-05-15T18:09:12.000Z,6069072,Phonz,Phonz,
2010-08-03T10:19:48.000Z,174200541,mithrilmaker,Sneha Patil,
2008-10-20T02:15:41.000Z,16860092,juliezsteele,Julie Steele,
2017-04-27T21:56:37.000Z,857715129311297537,drmzio,Daniel Ramirez ğŸŒµ,
2008-04-08T19:12:24.000Z,14335093,amdev,amro,
2010-02-09T01:30:43.000Z,112586779,JLessey,Juan Lessey,
2010-09-04T07:19:21.000Z,186736799,networkjanitor,Kurt Bales (@kwbales@mastodon.social),
2019-10-18T10:32:50.000Z,1185141540416610304,Justin070120,Julie,
2017-11-12T00:39:11.000Z,929508838331637760,tasiukwaplong,TK,
2010-08-05T04:15:00.000Z,174919617,aaReese,Alyssa Reese,
2017-07-29T17:10:34.000Z,891345214606016516,JosepLpez92,Josep LÃ³pez,
2009-03-05T23:21:20.000Z,22996641,elasticpath,Elastic Path,
2009-03-28T20:19:08.000Z,27300059,MateoDeLaMancha,oueigh keigh,
2013-01-29T03:33:41.000Z,1129950619,Jotafme,OnlyJuans,
2012-07-11T08:19:23.000Z,632713891,SRfirehorseart,Suzanna Raymond ğŸ§¢ ğŸ˜· ğŸ’™ ğŸ¨,
2018-07-04T12:15:49.000Z,1014482914501771264,gaaneshaha,Ganesh Kumar,
2018-06-14T02:42:14.000Z,1007090807751495685,_Andrew_Bean,Andrew Bean,
2012-06-08T09:45:45.000Z,602625556,atmon3r,ÉÊ‡É¯on3É¹ âš›,
2010-04-01T13:28:34.000Z,128555662,MattPengelly_,á´á´€á´›á´› á´˜á´‡É´É¢á´‡ÊŸÊŸÊ î¨€,
2018-07-07T00:37:11.000Z,1015394259032313861,jaobernard,jao@sdol:~$ ./dms.py,
2019-06-29T07:12:13.000Z,1144866141090799616,Danucas1,Danucas,
2013-03-13T15:09:53.000Z,1264701578,mjgarciapulido,MarÃ­a JosÃ© GarcÃ­a,
2010-08-09T23:51:43.000Z,176603828,victor_daros,Victor Daros ğŸ‡§ğŸ‡· ğŸ‡®ğŸ‡¹,
2015-04-05T22:01:50.000Z,3140804761,iTsmeinsanee,It's Me ğŸ•,
2017-08-30T13:35:52.000Z,902887596862435329,0xA1EC,Alec Oâ€™Connor ğŸŠ,
2017-08-11T01:11:39.000Z,895814938995957760,threadreaderapp,Thread Reader App,
2019-11-09T22:50:57.000Z,1193299923355217920,vladanghel11,ğ’±ğ“ğ’¶ğ’¹ ğ’œ. ğŸ‘,
2007-07-03T16:56:02.000Z,7232752,rlux,Rachel Luxemburg ğŸŒ»,
2008-06-05T14:53:54.000Z,15018677,ablegrape,Doug Cook (Parody),
2019-06-25T05:11:43.000Z,1143386264990654464,karadashkov,Lubo Karadashkov,
2019-05-05T21:41:48.000Z,1125153644796448769,chlo_kp,Chloe,
2009-05-25T15:32:20.000Z,42425069,salaboy,Mauricio Salatino,
2007-07-10T22:58:02.000Z,7385912,okSnickers,Nikita Jotwani,
2018-05-06T17:25:54.000Z,993180065184628736,amolrai_dev,Amol Rai ï£¿,
2009-04-27T15:51:08.000Z,35775563,ReggieUNO,reginald addo,
2013-03-27T12:09:37.000Z,1307335783,piorundev,PaweÅ‚,
2010-06-30T22:08:04.000Z,161450995,willianurban,willurban.eth,
2016-07-06T15:09:34.000Z,750708273834237952,poppysakhie,Poppy,
2016-06-18T23:09:39.000Z,744306107158396928,cpwilkerson72,Christian Wilkerson,
2011-06-21T22:52:59.000Z,321657712,rsmelo_,Rafael Melo,
2011-03-19T23:50:36.000Z,269028918,arnolem,Arnaud Lemercier ğŸ˜‡,
2017-04-27T20:56:22.000Z,857699969263964161,suhemparack,Suhem Parack,
2015-10-21T20:42:26.000Z,4011978033,Alexfurret,al*x,
2014-01-27T15:48:48.000Z,2313873457,sseraphini,Sibelius Seraphini,
2011-05-31T18:18:04.000Z,308616564,alisalahio,Ali Salah ğŸ›¸,
2014-12-15T05:26:41.000Z,2930544074,petecodes,Pete - No CS Degree + High Signal + ghost tweets,
2016-09-29T20:07:14.000Z,781586151379378177,coderguyfrank,J Alexander,
2010-05-06T18:43:08.000Z,140928735,podpage,podpage î¨€,
2011-11-05T20:46:19.000Z,405810089,rostik_makhanko,Rostyslav MakhankoğŸ‡ºğŸ‡¦,
2009-03-05T19:36:51.000Z,22965440,fabkatie,Katie,
2018-01-03T17:36:40.000Z,948609064484864006,laurieontech,Laurie,
2010-04-26T04:50:36.000Z,137224121,set_Minami,å—æ‹™è‡³,
2010-01-16T12:58:08.000Z,105472209,abdullah_lomani,Abdullah âš¡ï¸,
2009-06-21T01:31:21.000Z,49186493,amandabrbz,Amanda,
2009-02-19T02:10:15.000Z,21266829,lindsmccallum,Lindsay McCallum RÃ©my,
2009-09-21T23:12:13.000Z,76176875,libert_xyz,Libert Schmidt,
2013-01-10T10:52:06.000Z,1076298752,UmarJf,JAFAR UMAR,
2010-10-21T17:04:06.000Z,205808564,bbokal,Brad Bokal,
2009-11-01T02:08:57.000Z,86642892,besiaka,Tanya S. P@r0dY ğŸ‡ºğŸ‡¦,
2016-04-08T23:59:16.000Z,718589057261920258,conorjparrish,Conor Parrish,
2013-04-14T23:25:58.000Z,1353010477,AndySayler,Andy Sayler,
2013-09-28T03:14:46.000Z,1912958906,Sharans003,Sharan Srivatsa,
2010-09-12T15:33:36.000Z,189911034,aisha112,Aisha Balogun,
2010-03-20T18:32:11.000Z,124831353,casassaez,Gerard Casas Saez,
2011-12-09T07:55:52.000Z,432302989,firatozak,Firat Ozak,
2011-12-13T22:11:15.000Z,436190536,KamoheloKuaho,Kamo,
2009-10-04T11:30:42.000Z,79710541,toff63,Christophe,
2014-04-15T18:28:11.000Z,2445809510,PeriscopeCo,Periscope,['TR']
2017-02-02T09:09:26.000Z,827081480807579648,JaphetTion,One Love.,
2012-08-23T04:47:12.000Z,775180652,larabz04,Lara,
2018-07-03T18:51:39.000Z,1014220138760097792,PythonSM,.,
2011-07-17T01:47:29.000Z,336862763,IdrisObadaki,Idris,
2010-01-12T22:47:44.000Z,104296908,BashirAhmaad,Bashir Ahmad,
2018-09-23T12:19:43.000Z,1043837312310931458,anri_do,Dorian,
2011-11-28T21:45:28.000Z,423738001,michaeldera,Michael,
2014-04-23T16:38:52.000Z,2459973444,ongair_,Ongair,
2013-02-27T07:55:48.000Z,1223905705,louisgrasset,Senhor Lewlew ğŸ¯,
2009-03-24T02:51:52.000Z,26161564,svetlanathon,Lananana,
2013-10-02T21:15:20.000Z,1928256733,weslleymurdock,Murdock,
2015-12-12T03:28:14.000Z,4534277774,DataWithStyle,Daniel Smith,
2009-08-28T21:16:04.000Z,69696928,raniendu,Raniendu Singh (à¤°à¤¨à¥‡à¤¨à¥à¤¦à¥‚ à¤¸à¤¿à¤‚à¤¹),
2009-02-19T18:03:54.000Z,21322146,dutello,Eduardo Tello,
2010-05-11T12:29:39.000Z,142662250,koslib,Kostas Livieratos,
2009-10-09T05:30:57.000Z,81036274,cl0udmaker,edgar ğŸ¦€,
2012-11-18T21:28:58.000Z,956263496,sawyercovington,Sawyer Covington,
2008-07-13T20:55:23.000Z,15418663,dcaunt,David Snabel-Caunt,
2009-08-10T05:46:15.000Z,64344950,philborgenicht,Phillip Borgenicht,
2015-10-26T19:46:50.000Z,4027743313,mdharrington_,Michael D Harrington,
2007-11-13T19:42:43.000Z,10224652,DataRiot,David Allen,
2009-08-24T14:52:09.000Z,68424728,Midejesus,Engenheira Michelly,
2009-12-14T17:30:27.000Z,96802408,d0b0,Sam Legge,
2011-02-04T12:47:13.000Z,247262353,JokeAdekunle,Joke Adekunle,
2011-03-06T20:38:58.000Z,261844990,ItsBlede,Blede,
2017-12-14T22:58:21.000Z,941442262097104896,mightyjimmy9,felipe ou jimmy de gravatinha,
2007-09-14T15:58:19.000Z,8879282,kiranp,Kiran,
2019-04-20T08:35:28.000Z,1119519939826733057,DailyNASA,NASA ğŸš€,
2009-09-05T23:35:08.000Z,71918131,openwms,Heiko Scherrer âšœï¸,
2009-06-01T12:55:55.000Z,43878992,mmmbop_,Tom Hanson,
2019-07-24T03:40:00.000Z,1153872433121615872,AbdulHa37366188,Muhammad abdul Hameed,
2009-07-15T13:04:33.000Z,57009698,aaaaieeia,alana n. eissa,
2015-02-01T20:05:09.000Z,3010885534,makar_sta,ĞœĞ°ĞºĞ°Ñ€ĞµĞ½Ğ°,
2017-07-14T13:17:51.000Z,885850831538577408,hopyth,Hopyth Funny,
2008-03-06T22:57:11.000Z,14091956,cschrader,Claude Schrader,
2008-11-17T13:54:32.000Z,17441631,pavedwalden,pavedwalden,
2015-01-31T17:02:06.000Z,3007958511,Uni_idk,Uniterno,
2010-07-05T17:07:04.000Z,163140263,Jakousi_,Jatito,
2018-03-03T14:54:47.000Z,969949210085904384,VallatLouis,Louis Vallat ğŸ‘¨â€ğŸ’»ğŸ“·,
2007-09-18T22:09:03.000Z,8960712,individual8,David Schmidt,
2015-07-04T20:23:36.000Z,3359272313,MojaveSkies,sobek ğŸ‡ºğŸ‡¦,
2011-01-10T10:52:03.000Z,236339779,____yaro,Â¯â \â _â (â ãƒ„â )â _â /â Â¯,
2009-07-31T14:52:07.000Z,61787412,lucaslago,lucas lago,
2011-06-22T18:17:39.000Z,322148149,KyleGTweets,Kyle Graham,
2014-02-22T12:11:24.000Z,2356261658,MIhmouda,Mohammad Ihmouda ï£¿,
2009-07-13T04:55:42.000Z,56291611,jOkAmE,JosÃ© Carlos MÃ©ndez,
2019-03-28T19:10:55.000Z,1111344937138700288,nilsxwillam,Nils X WilliamğŸ§£,
2008-04-22T11:58:38.000Z,14473613,igama,Marco Silva,
2009-02-06T18:03:32.000Z,20256357,benjackthomas,Ben Bowdler-Thomas ğŸ¦’,
2009-06-08T16:43:15.000Z,45607329,matteo_gobbi,Matteo Gobbi,
2008-04-12T13:11:22.000Z,14368693,torpey,torpey,
2012-04-26T21:28:30.000Z,564136371,quindarius_,quindarius,
2010-12-29T22:00:39.000Z,231941019,bart_chr,Bart Chrzaszcz,
2009-02-12T20:27:15.000Z,20713954,caryhutto,Cary Hutto,
2010-05-10T18:41:18.000Z,142379032,JoseAsantiago,Jose A Santiago,
2009-05-12T15:06:18.000Z,39517872,ari_zelanko,Ari Zelanko,
2009-02-19T08:04:58.000Z,21282673,apretz,alex pretzlav,
2010-08-07T21:44:27.000Z,175871897,halilyc,Halil,
2018-03-21T00:12:40.000Z,976250201324302336,lucaslitton,Lucas Litton,
2009-12-25T08:10:44.000Z,99245244,mrizkiaiman,Iki,
2008-12-20T19:42:24.000Z,18271367,nimalan,nimalan@macaw.social (Parody),
2016-03-23T19:18:37.000Z,712720221765824515,trycatchfinl,E,
2014-08-27T07:17:59.000Z,2772627427,derkalaender,KalÃ¤nderÃ¼,
2017-03-23T02:45:56.000Z,844741975433793536,vmpr_cmptr_ppl,Drew K,
2019-06-27T17:10:40.000Z,1144291971353206785,HUzquiano,Andoni Uzquiano,
2016-01-31T11:40:26.000Z,4866345665,victorshinya,Victor Shinya,
2008-10-22T22:01:24.000Z,16913772,VisualStudio,Microsoft Visual Studio,
2016-11-07T20:01:16.000Z,795717775989833729,glitch,ğŸGlitch,
2016-02-28T20:48:54.000Z,704045635503329281,NigelL12_,NigelL12,
2019-07-21T20:24:11.000Z,1153037978882592773,neuro_rish,Rish,
2019-05-30T16:25:52.000Z,1134133834629492741,MakarandParigi,makarand,
2009-01-27T13:23:08.000Z,19591186,nuxnix,Angus Fox ğŸ´ó §ó ¢ó ³ó £ó ´ó ¿,
2007-03-23T15:11:50.000Z,2020201,terrythomas,Krombopulos Michael,
2011-09-14T00:19:05.000Z,373098962,bravelyflawed,dustin echoes,
2009-12-04T01:01:42.000Z,94455755,meduzen,ğŸ¦‘ meduz',
2013-08-29T04:09:14.000Z,1708953912,JaredEzz,Já´€Ê€á´‡á´… Eá´¢á´¢á´‡á´›,
2011-10-06T15:16:46.000Z,386033196,pacmancoder,Nikonov,
2008-02-13T03:00:12.000Z,13413142,chris_mc_cabe,chris mccabe,
2019-08-08T13:13:51.000Z,1159452662603161601,datacrunchr,datacruncher,
2011-06-24T01:36:03.000Z,322968394,BrunoGiubilei,Bruno Giubilei,
2014-02-10T18:20:25.000Z,2337090139,avonbarn,Alec von Barnekow,
2010-06-03T02:16:15.000Z,151290710,AlSanya,RetroRobosan (è€éºº)ğŸœ,
2014-05-17T09:53:36.000Z,2501161489,GsMalji,à¤—à¥Œà¤°à¤µ à¤®à¤²à¤œà¥€ğŸ‡®ğŸ‡³ #à¤ªà¥à¤°à¤¶à¤¾à¤¸à¤•_à¤¸à¤®à¤¿à¤¤à¤¿,
2014-10-01T07:09:46.000Z,2797443539,kandarp_gautam,Kandarp Gautam ğŸ”´,
2019-06-13T06:43:17.000Z,1139060652759142400,pratikjagrut,Pratik Jagrut,
2011-06-24T13:27:29.000Z,323221960,focadiz,ï£¿ Felipe Ocadiz Î»,
2009-10-11T11:48:29.000Z,81578027,dcnetsa,Ù…Ø¤Ø³Ø³Ø© Ø§Ù„Ø§Ø¨Ø¯Ø§Ø¹ Ø§Ù„Ø±Ù‚Ù…ÙŠ,
2009-10-01T14:04:18.000Z,78910813,makakole_,Makakole Mafane,
2017-02-12T01:50:30.000Z,830594897379999745,TamilSelvan_T_S,Tamil selvan,
2017-01-03T18:45:06.000Z,816354718008020992,NTTL_LTTN,N,
2012-01-27T08:28:45.000Z,475635945,ajitzero,Ajit âœ§,
2013-01-28T17:43:55.000Z,1128753523,MatyyUwU,maty,
2011-04-09T12:45:58.000Z,279520549,dgschudde,Dirk Schudde,
2011-08-18T16:46:05.000Z,357608190,AlwaliAbdallah,Abdallah Alwali,
2009-03-12T15:45:16.000Z,23970261,Kyle_Rasmussen,Kyle Rasmussen,
2012-10-02T18:19:03.000Z,858479742,id2amayakase,amayakase ğŸ‡³ğŸ‡± (boob enjoyer on OSU),
2019-03-23T20:54:11.000Z,1109558984112029698,bergerpeti,The Berger Show ğŸ§”ğŸ»ğŸ’»ğŸ‡¬ğŸ‡§ğŸ‡­ğŸ‡ºğŸ¡,
2014-05-20T03:45:39.000Z,2509192452,Lembani_,Lembani Sakala î¨€,
2009-02-06T17:57:36.000Z,20255968,codek1,Dan Keeley,
2008-05-16T21:09:39.000Z,14804130,japharr,ï¸,
2013-07-01T17:01:49.000Z,1561018831,jon_raRaRa,Jon raRaRa,
2017-07-04T18:30:40.000Z,882305677808590850,AnTheMaker,An | Anton RÃ¶hm,
2008-03-27T22:27:29.000Z,14239320,alung,Alexandre ğŸ«•,
2018-09-09T04:58:31.000Z,1038652850308624384,DraQuinones,Dra. Maria QuiÃ±ones Piquero,
2008-01-08T14:18:35.000Z,11985982,luca,@luca@vis.social,
2010-10-16T09:33:54.000Z,203458796,AlperUnuvar,Alper ÃœnÃ¼var î¨€,
2010-05-17T19:27:57.000Z,144959397,lamechthinkbig,Mbangula Lameck Amugongo #BlackLivesMatter,
2017-09-04T17:01:51.000Z,904751373798879232,OneTweetAwayMan,One Tweet Away ğŸ‡ºğŸ‡¸ ğŸ‡¦ğŸ‡²,
2009-05-21T21:49:51.000Z,41686315,chris_romary,Chris Romary,
2011-09-21T13:26:55.000Z,377367870,mathiasfrese,Mathias,
2015-03-09T20:41:48.000Z,3070295959,whitneymriker,Whitney Riker,
2007-07-05T22:35:51.000Z,7278302,kndl,Kendall Aubertot,
2011-07-08T17:52:27.000Z,331769593,briandupras,Brian Dupras,
2009-08-21T02:40:26.000Z,67501283,cassiestewart,Cassie Stewart,
2015-10-15T03:47:51.000Z,3898663094,KayOstas,ğŸ§œâ€â™‚ï¸Trophy Husband ğŸ§œâ€â™‚ï¸,
2014-09-12T20:30:53.000Z,2806145138,michelle_actual,meh-shellee,
2009-05-15T21:45:05.000Z,40341445,bhalsey,Brent Halsey,
2010-09-30T03:36:40.000Z,196883832,jellybeanjones,zachariah jones,
2010-02-28T22:51:46.000Z,118514500,elemdoubleu,Lisa,
2013-12-19T17:47:31.000Z,2253849180,vtapia,VTap,
2010-10-05T20:52:24.000Z,199021634,GarrysGate,Garry Anderson,
2009-05-09T01:09:08.000Z,38763032,AlisonJoyce,Alison ï£¿,
2010-08-24T21:57:41.000Z,182559614,AdventureSteady,hello,
2015-04-11T03:01:52.000Z,3148870314,RealBrianNewsom,Brian Newsom,
2012-06-24T12:54:52.000Z,617097763,BenLoggedOn,Ben Lewis,
2010-07-07T20:18:10.000Z,164002918,whereskarms,Karmelia,
2007-05-01T05:55:26.000Z,5676102,shanselman,Scott Hanselman,
2019-06-27T17:06:03.000Z,1144290810084638721,stephmmeso,Suprise,
2010-08-22T23:33:46.000Z,181744316,robertitov13,Roberto A. Vaccaro,
2014-08-31T16:00:24.000Z,2782487574,ManuelWinkler_,Manuel Winkler,
2017-11-26T05:22:08.000Z,934653474935115776,joeydotdev,Joey Colon ğŸ³ï¸â€ğŸŒˆ,
2015-06-27T15:46:39.000Z,3347713786,cee_bryce,Bryce,
2012-11-16T00:24:54.000Z,950694168,AndreaZonzin,Andrea Zonzin,
2009-01-09T23:56:48.000Z,18820792,sult,ÑÑƒĞ»Ñ‚Ğ¸ (Parody account),
2014-09-30T23:00:49.000Z,2796689194,NatePetersMusic,Nathan Peters,
2010-06-19T11:04:36.000Z,157283633,germ_86,Fabio,
2019-11-20T05:28:20.000Z,1197023795862757376,bierbot1,B.I.E.R Bot,
2008-04-11T05:27:18.000Z,14358495,ro_cavallcante,Roseee ğŸ¤¸ğŸ½â€â™€ï¸,
2012-11-19T21:54:27.000Z,958676983,SocialOpinions,SocialOpinion,
2009-05-09T19:00:27.000Z,38906681,jamie_maguire1,Jamie Maguire,
2008-05-22T03:13:29.000Z,14863971,bengl,Bryan English (ğŸ’‰ğŸ’‰ğŸ’‰ğŸ’‰),
2008-03-04T00:49:18.000Z,14075486,teh_islander,Chris,
2009-05-17T02:07:28.000Z,40587957,humphd,David Humphrey,
2010-07-27T17:33:52.000Z,171575833,mootje_diaby,Mohamed Diaby,
2011-10-15T00:45:41.000Z,391072901,progiuri,J. Iuri,
2008-12-04T04:43:42.000Z,17860239,JeddJedd,Jedd Goble,
2018-10-08T10:06:50.000Z,1049239689734115328,DeadheedSimmons,âš¡ğŸŒ¹MARCOğŸŒ¹âš¡,
2016-09-22T11:15:34.000Z,778915639423623168,demaskhey,fuck off,
2013-12-03T21:39:44.000Z,2228891959,TwitterMENA,Twitter MENA,
2009-04-25T11:49:57.000Z,35196048,anismenal,AnisâœŠğŸ½âœŠğŸ¿,
2011-01-02T13:11:49.000Z,233157760,VargasVisuals,Robert Vargas,
2011-04-21T02:29:25.000Z,285394452,AlexMRuch,Alex Ruch,
2010-10-28T17:20:31.000Z,209175328,0zlem__,Ã–zlem ğŸŒ,
2013-07-19T23:43:38.000Z,1606979292,ArieBackup1,Arie,
2011-03-08T01:47:51.000Z,262439469,kjudge24,KJ,
2019-01-10T21:59:44.000Z,1083483554175045632,CandiceHyytinen,Candice Hyytinen,
2018-01-22T06:02:15.000Z,955319681589460992,DimitriDCE,Dimitri Collins-Elder,
2018-02-26T06:13:19.000Z,968006041291157504,WoldayMartha,martha,
2010-07-07T19:24:38.000Z,163986538,SupaSush,Sushil Trivedi,
2010-10-27T02:15:25.000Z,208324701,maeloveholt,maegan holt,
2011-12-08T16:03:37.000Z,431705678,dihelander,Zan zendegi azadi ğŸ‡ºğŸ‡¦,
2008-01-22T21:59:19.000Z,12565802,kennykhlee,Kenny Lee,
2009-03-07T03:32:13.000Z,23159259,zachm,Zach M.,
2013-06-25T23:45:58.000Z,1546923433,BoomerMurray,@boomermurray,
2012-02-17T20:40:28.000Z,495309159,TwitterNYC,Twitter New York City,
2010-10-06T01:41:44.000Z,199107431,kimwu,Kim Wu ğŸŒ´,
2013-03-26T23:44:06.000Z,1305940272,SlackHQ,Slack,
2012-02-09T22:52:17.000Z,487961723,otymix,(((Oty))),
2018-11-28T23:40:39.000Z,1067926271856766976,pipedream,Pipedream,
2009-03-10T01:43:17.000Z,23539291,tjlull,Travis Hunter-Lull,
2015-09-02T21:10:43.000Z,3527084777,davidhillgm,David Hill,
2014-03-29T06:25:03.000Z,2417045708,juanshishido,â“™â“¢,
2014-05-29T20:24:26.000Z,2533341854,CP3nyc,î¨€cp,
2010-09-14T02:31:55.000Z,190494762,shivamb45,Shivam Bharadwaj,
2018-08-25T20:55:56.000Z,1033457972045705216,Abhik5981,Abhik ChakrabortyğŸ™,
2016-03-09T08:33:36.000Z,707484470392332288,hipsterelectron,"danny ""disco"" mcClanahan",
2009-03-04T04:07:49.000Z,22731113,yosub,yoeyâ· ìš”ì„­,
2009-10-12T06:04:12.000Z,81776058,pantularajesh,Rajesh Pantula,
2012-03-26T05:47:47.000Z,536960317,somethingintern,Skiing Intern,
2008-10-29T21:22:27.000Z,17052419,XavierDesmaison,Xavier Desmaison,
2008-08-15T04:44:55.000Z,15860068,ecoffey,Eoin Coffey ğŸ«¡,
2009-06-11T16:48:27.000Z,46429417,shahsr,Shefali Shah Mirakhur ğŸ’ƒğŸ½,
2008-06-21T08:27:31.000Z,15188409,modeerf,modeerf,
2009-05-03T19:57:33.000Z,37487621,suntastic77,Kimberly,
2016-12-01T06:28:22.000Z,804210514129666048,eanavagator,Emily Nava,
2018-03-30T12:09:48.000Z,979692163138166785,saadmanrafat_,Saadman Rafat,
2014-08-15T19:11:17.000Z,2735246778,ThePracticalDev,DEV Community ğŸ‘©â€ğŸ’»ğŸ‘¨â€ğŸ’»,
2008-08-15T06:07:52.000Z,15860618,dantley,Dantley Davis,
2019-05-03T14:48:27.000Z,1124324848409300998,BrittonBr10,Britton Edward Johnson,
2011-11-09T17:31:04.000Z,408623049,johnd,John Demos ğŸ‘‹,
2011-11-16T04:08:37.000Z,413672658,usman4all,Usman,
2009-08-05T05:46:48.000Z,63046977,happycamper,Emily Waligoske,
2010-07-08T12:35:04.000Z,164257706,goldingnik,Nikki Golding,
2009-11-06T13:50:34.000Z,87943292,AbhishekMSharma,Abhishek Sharma,
2008-10-04T18:43:12.000Z,16593932,compston,compston ğŸ•,
2018-07-20T00:50:42.000Z,1020108704811606016,i_am_daniele,Daniele,
2010-10-07T05:36:28.000Z,199566737,lebraat,daniel,
2013-01-18T23:45:43.000Z,1102321381,AureliaSpecker,Aurelia Specker,
2010-08-09T14:16:11.000Z,176425492,oihamza,Hamza,
2008-09-25T16:51:58.000Z,16453479,atornes,Adam Tornes,
2008-09-04T16:18:52.000Z,16130949,Remy_D,Remy_D,
2009-12-17T05:14:01.000Z,97370635,lvhcolorado,laura harrison,
2014-12-07T16:27:26.000Z,2909502460,FlatironsTech,Flatirons LGBTQ Tech,
2010-04-06T14:57:14.000Z,130175843,sunnat629,Mohi Us Sunnat,
2017-02-21T19:35:26.000Z,834124389671133184,AustinTDC,Austin TDC,
2009-09-04T12:49:19.000Z,71526232,emilymccleave,Emily McCleave,
2009-05-24T16:01:46.000Z,42232950,steveblackmon,Steve Blackmon,
2015-07-18T00:54:11.000Z,3282859598,TwitterCreators,Twitter Creators,
2006-09-10T12:46:53.000Z,5737,cbetta,Cristiano Betta,
2007-03-26T20:29:03.000Z,2354081,andreasc,Andreas Cohen,
2012-05-21T03:07:38.000Z,586198217,TwitterTV,Twitter TV is watching Andor,
2009-07-17T01:07:37.000Z,57504781,DanJackson415,Dan Jackson,
2016-11-17T11:56:16.000Z,799219599665414145,TDCRoma,TDCRoma,
2009-10-16T05:33:08.000Z,82807465,skjsaurabh,Saurabh Jain,
2013-09-19T19:58:52.000Z,1884191208,TwitterForGood,Twitter For Good,
2014-03-10T22:19:02.000Z,2382763597,notFromShrek,ğŸ‘¸ğŸ¼ğŸ™„ Fiona,
2009-03-01T19:56:42.000Z,22399212,youfoundryan,Ryan @youfoundryan@macaw.social,
2013-01-14T20:02:02.000Z,1090015976,VisaDeveloper,VisaDeveloper,
2010-03-26T03:10:51.000Z,126512490,agustin,Agustin Pesciallo ğŸ€,
2009-02-09T06:44:21.000Z,20420426,SahilRoyVerma,sahil verma,
2010-09-07T18:26:54.000Z,188011697,luisartola,Luis Artola,
2014-02-05T01:33:44.000Z,2328002822,TwitterWomen,Twitter Women,
2015-09-14T08:23:48.000Z,3558337039,GetListomatic,Listomatic,
2010-03-10T17:53:31.000Z,121818720,farishcv,Farish CV ğŸ¢ğŸ‘¨â€ğŸ’»âœˆï¸,
2006-12-15T22:18:44.000Z,72373,frankarr,Frank Arrigo ğŸ‡¦ğŸ‡ºğŸ˜‡â™ï¸ ğŸ’ª ğŸ’‰ â´,
2011-03-22T13:40:10.000Z,270361314,supreethps,Supreeth Bharadwaj,
2006-11-28T06:18:23.000Z,26523,pooran,R Pooran Prasad,
2010-12-23T20:00:51.000Z,229946505,ulysseas,Don Sheu è¨±å®¶è±ª,
2009-04-09T22:55:22.000Z,30089729,aranasaurus,Ryan Arana,
2013-08-08T14:18:59.000Z,1655507089,zealfound,Zeal Foundation,
2010-03-15T15:26:06.000Z,123276494,amali_d,Amali de Alwis,
2013-12-27T23:27:26.000Z,2265052802,ThairlanAnjos,Thairlan Anjos î¨€,
2011-01-13T20:19:49.000Z,237860849,alexmk,Alex Kowalsky,
2016-02-08T09:07:45.000Z,4887476549,DevWeekNairobi,Developer Week,
2015-06-26T19:51:24.000Z,3256997612,tekservestudio,Tekserve Studio,
2012-02-21T19:34:55.000Z,499099364,StartupInst,Startup Institute,
2011-04-06T00:11:41.000Z,277761722,TwitterUK,Twitter UK,
2015-09-03T11:07:44.000Z,3436234639,M0bileTea,Mobile Tea,
2009-06-09T13:25:38.000Z,45835391,Cromerty,Cromerty ğŸ™ Voiceover,
2009-04-18T01:34:45.000Z,32714270,DBAKevlar,âœ¨ğŸ’«Kellyn Command Line ğŸ’»âœ¨,
2014-05-20T04:46:48.000Z,2509306208,404boyfriend,henry âœ·,
2011-06-13T01:30:49.000Z,316163026,RichGBeaudoin,RGB,
2014-09-23T18:33:00.000Z,2828570005,5280mark,5280 Mark,
2009-03-17T20:16:06.000Z,24945605,jessicamckellar,Jessica McKellar,
2014-12-08T07:16:46.000Z,2922453853,ps_python,PuPPy,
2015-02-04T18:59:41.000Z,3018339645,LearnToCodeLA,Learn Teach Code,
2014-09-22T19:16:39.000Z,2780501561,TheHackerFund,Hacker Fund,
2013-06-12T05:10:07.000Z,1509175596,While_42,while42,
2013-06-20T22:30:26.000Z,1535196865,UofTHacks,UofTHacks X,
2009-04-21T05:42:37.000Z,33826388,AmanAlam,Aman Aalam ğŸ¥‘,
2010-04-25T04:47:25.000Z,136877282,blrdroid,BlrDroid,
2014-09-17T08:29:02.000Z,2814511544,plagueis1990,HÃ©ctor,
2008-10-30T10:47:28.000Z,17063083,richardhyland,Richard Hyland,
2007-10-14T12:50:47.000Z,9436992,abraham,Abraham Williams,
2012-01-29T04:57:13.000Z,477407746,whitneyrogers,Legitney,
2013-04-09T21:53:50.000Z,1340309136,MadeinJLM,Made in Jerusalem,
2012-06-21T20:55:53.000Z,614572189,stephieainza,Stephanie Ainza,
2011-03-13T19:28:06.000Z,265561361,toddlovesthis,Todd Burner,
2010-02-24T22:09:44.000Z,117209856,heyval,Val,
2008-08-04T16:06:33.000Z,15723890,quintonwall,Quinton,
2011-11-15T02:38:41.000Z,412738601,write_jb,Julia Barrett,
2007-07-23T00:06:49.000Z,7648872,markmadsen,Mark Madsen,
2011-04-01T03:38:25.000Z,275357699,TheRealAneesh,aneesh.eth,
2013-10-30T21:09:02.000Z,2165479939,tylernappy,Tyler Nappy,
2009-09-09T21:41:32.000Z,72958690,LifeofaBrian,Brian Collins,
2009-08-04T06:00:49.000Z,62733964,kavyaSukumar,Kavya Sukumar,
2008-12-31T23:04:57.000Z,18518601,vambenepe,William Vambenepe,
2008-05-02T17:56:25.000Z,14628878,eleanorpd,Ellie Fields,
2013-12-12T23:40:51.000Z,2243070930,TechClash,TechClash,
2010-01-11T05:44:35.000Z,103770785,TwitterIndia,Twitter India,
2011-08-18T21:08:15.000Z,357750891,TwitterMktg,Twitter Marketing,
2009-02-24T05:41:38.000Z,21733017,mrdanjl,dan lee,
2006-12-21T21:49:37.000Z,134693,leslienassar,ğŸ‘» Leslie ğŸ‘»,
2015-02-19T18:39:53.000Z,3044991946,aliparr,Ali Parr,
2011-02-19T12:22:45.000Z,254507180,Fishburners,Fishburners ğŸŸğŸ”¥,
2009-05-27T01:23:40.000Z,42779768,j__eng,Julia,
2013-11-11T02:44:46.000Z,2187558360,bitcmp,Bitcamp,
2008-05-25T08:06:34.000Z,14897303,kayvz,Kayvon Beykpour,
2014-11-12T15:56:02.000Z,2873856201,hackthecycle,biPoCosmonaut,
2007-10-25T17:47:58.000Z,9689442,josephchong,Joseph Chong,
2014-10-19T20:52:55.000Z,2865763410,blockchainU,BlockchainUniversity,
2010-09-25T01:55:08.000Z,194816967,pi_kumar,piyushkumar.eth,
2006-08-05T23:31:27.000Z,3840,Jason,@jason,
2010-09-13T15:50:14.000Z,190292949,LAUNCH,LAUNCH,
2012-04-25T09:26:46.000Z,562734974,liamcbride,LiasLifeğŸ¦„,
2011-09-11T19:43:55.000Z,371925746,alexjsinger,Alex Singer,
2014-12-09T09:39:47.000Z,2923689403,JBabichJapan,John Babich,
2009-01-17T10:17:14.000Z,19106644,Bernardamus,Dr. Bernardamus âš—ï¸ Alessandro Bernardi,
2013-06-05T03:02:54.000Z,1483923793,startupbek,Bek Abdullayev,
2008-09-03T22:01:21.000Z,16120419,tsmith,Ty Smith (@ty@androiddev.social),
2008-03-11T17:53:42.000Z,14125938,schachin,Kristine Schachinger,
2012-08-03T00:43:19.000Z,733837021,SujataBhatt,Sujata Bhatt,
2010-04-07T17:40:14.000Z,130569037,alicepang,Alice Pang,
2011-06-10T03:34:44.000Z,314352941,Angelala6,Angela SchachğŸ’ğŸ½,
2011-09-16T14:42:41.000Z,374559358,NolanOBrien,Nolan O'Brien,
2014-10-16T00:15:43.000Z,2857397298,fabric,Fabric,
2009-05-24T15:12:26.000Z,42225288,rdgborges,Rodrigo Borges,
2011-03-10T22:54:23.000Z,263884490,TwitterBrasil,Twitter Brasil,
2007-06-27T06:40:29.000Z,7103272,girlie_mac,Tomomi Imura ğŸŒºâ›…,
2009-03-27T13:25:51.000Z,27002326,neilmack_the,neilmack,
2009-03-16T02:41:49.000Z,24636302,jenks,Lauren,
2006-08-05T23:04:08.000Z,3839,davewiner,Dave Winer,
2009-06-23T08:12:17.000Z,49921442,haruchang,Koichi Haruta,
2012-11-28T16:17:57.000Z,976460407,bonnell,Mike Bonnell,
2007-03-19T17:15:38.000Z,1530531,miradu,ğŸ³ï¸â€ğŸŒˆMichael Ducker,
2009-09-17T18:30:25.000Z,75079616,IFTTT,IFTTT,
2010-05-28T02:21:56.000Z,148966800,sasipaants,Sasi,
2011-11-14T04:11:05.000Z,411992519,Dorine_Evelo,Dorine _Evelo,
2012-05-25T21:51:43.000Z,590428782,DENStartupWeek,Denver Startup Week,
2007-03-14T12:02:30.000Z,1152331,shooley,shooley.eth,
2013-10-24T21:33:55.000Z,2153688540,BerndVerst,Bernd Verst ğŸ SEA,
2014-03-20T17:42:20.000Z,2400220296,mesoscon,#MesosCon,
2011-04-18T20:48:55.000Z,284201599,terns,Twitter Terns,
2012-10-26T19:10:55.000Z,906601453,PyLadies_pdx,PyLadies PDX,
2011-02-04T18:12:59.000Z,247393975,MaryL,Mary Lahey,
2007-04-12T21:20:24.000Z,4411041,oscon,O'Reilly OSCON,
2009-11-26T17:44:49.000Z,92800239,seraphimalia,Clive Munro,
2008-04-28T02:25:35.000Z,14564380,gorner,Joshua Gorner ğŸ‘¨ğŸ»â€ğŸ’»,
2011-11-17T20:04:59.000Z,415019140,RockyAppiah,Rocky Appiah,
2007-11-27T08:06:52.000Z,10650562,chanezon,chanezon,
2008-10-31T22:26:54.000Z,17093617,hootsuite,Hootsuite ğŸ¦‰,
2006-11-13T13:39:24.000Z,12249,benward,Ben Ward / @benward@benward.social,
2007-04-12T00:11:07.000Z,4265731,aunder,April Underwood,
2007-11-12T21:25:19.000Z,10194392,reneritchie,Rene Ritchie,
2011-10-20T17:32:18.000Z,394816755,brebrass,Bre Brasseal,
2008-03-12T06:58:32.000Z,14130572,joeldev,Joel Levin,
2008-09-09T14:32:49.000Z,16202859,sidwyn,Sidwyn Koh,
2010-10-07T18:07:45.000Z,199774657,annegreenstreet,anne greenstreet,
2008-11-01T19:42:02.000Z,17104583,superfell,Simon Fell,
2007-02-27T15:45:54.000Z,798408,dlpasco,Daniel Pasco,
2011-04-05T07:28:27.000Z,277378817,fiazhossain,Fiaz Hossain,
2008-03-25T17:58:53.000Z,14217429,dkador,Dan Kador,
2007-02-17T20:05:24.000Z,777885,burnflare,Vishnu Prem,
2008-05-21T22:28:44.000Z,14862065,vmehra,vmehra,
2009-02-13T03:50:25.000Z,20745730,RyanAmirault,Ryan Amirault ğŸ”ğŸšµğŸ¼â€â™‚ï¸ğŸ¦,
2009-10-13T20:07:04.000Z,82179521,SabMayaHai,Darshan Santani,
2010-03-19T18:16:36.000Z,124532107,boinclement,ClÃ©ment Boin,
2008-04-27T15:29:35.000Z,14558848,cheenath,Manoj Cheenath,
2011-06-07T16:31:36.000Z,312757703,fabiorogeriosj,FÃ¡bio RogÃ©rio SJ,
2013-11-30T18:34:11.000Z,2223545040,mb_3690,MegaBytee ğŸ˜,
2009-05-01T14:46:58.000Z,36957027,bobfou,bobinpdx,
2009-06-02T06:24:46.000Z,44072896,jstnbckr,Justin Becker,
2009-02-09T00:49:25.000Z,20405003,kfelichko,Kevin Felichko,
2012-11-26T15:21:13.000Z,972147180,BabakBN,Ğ¯ Ğ‘Ğ°Ğ±Ğ°Ğº,
2010-06-27T16:16:13.000Z,160240501,nikunjness,Nikunj Thakkar,
2009-12-03T13:02:43.000Z,94324510,Chitrankdixit,ğŸ‡®ğŸ‡³ chitrank dixit ğŸ‡®ğŸ‡³,
2009-02-20T20:05:52.000Z,21428122,kennydude,Joe Simpson,
2007-04-19T20:55:04.000Z,5265501,jsquee,Jason Collins,
2009-09-18T13:13:10.000Z,75276619,berngp,Bernardo ğŸ‡ºğŸ‡¦,
2014-05-14T05:33:53.000Z,2493772296,nitesh01mishra,Nitesh Mishra,
2010-11-20T19:24:27.000Z,217867839,albertobernalc,Alberto Bernal,
2013-01-12T14:03:36.000Z,1083057780,jamesheng075,James Heng,
2011-06-15T16:28:41.000Z,317878303,thatwilsonnerd,Will Wilson,
2007-04-30T22:33:23.000Z,5667932,jakrigg,James Akrigg,
2014-02-12T06:21:09.000Z,2339859373,BediSinghYadav,Bedi Singh Yadav,
2010-06-17T14:59:16.000Z,156660980,iChanSek,Chandra Sekhar Nayak,
2008-03-16T14:02:54.000Z,14157530,teropa,Tero Parviainen,
2013-04-19T12:04:02.000Z,1364256620,andy_wilco,Andy Wilcox,
2010-12-19T10:41:20.000Z,228314257,AshokMaruthi,Ashok Maruthi P,
2014-01-30T18:27:04.000Z,2319353520,DevCodAberto,Open Code Brasil,
2012-07-01T00:25:24.000Z,623265148,dghubble,Dalton Hubble is at dghubble@fosstodon.org,
2011-05-17T08:54:17.000Z,300151637,villichili,Mikko,
2008-09-04T21:18:33.000Z,16135490,danielsanwarner,Dan Warner,
2014-05-19T16:05:04.000Z,2507812099,iajeetkhan,Ajeet Khan,
2007-04-20T16:52:02.000Z,5342172,glen__allison,glen.eth,
2006-07-16T00:43:24.000Z,1085,niall,Niall Kennedy,
2010-04-12T08:02:05.000Z,132096772,sshpritesh,Pritesh Jain,
2010-01-29T14:09:02.000Z,109568501,campino_rocks,Alexander Kiefer,
2010-02-14T02:00:08.000Z,114076618,stephenfcodes,Stephen Feuerstein,
2014-06-06T20:09:44.000Z,2550892862,Sassy_Engineer,Erin Miller,
2010-08-20T16:33:59.000Z,180839022,CymroKev,Kevin Thomas,
2012-11-25T16:55:36.000Z,970374716,VictorDlpn,victor,
2009-08-04T05:31:45.000Z,62729380,tycrollins,Tyler Rollins,
2014-05-24T20:40:16.000Z,2521306406,TrendWellNow,Trending Well,
2008-09-30T12:06:00.000Z,16526701,tbgdigital,TBG (Sprinklr),
2009-03-30T14:52:08.000Z,27650229,PaulinhoM,Paulo Marcelo Ã© LulalÃ¡,
2014-05-09T18:37:47.000Z,2485729651,david_,David Stearns,
2013-03-11T04:24:23.000Z,1258578398,doloxinc,Dolox,
2011-03-25T05:03:43.000Z,271779567,jbwhitak,Joe Whitaker,
2010-06-17T17:17:45.000Z,156699376,Goldenlooly,looly,
2007-07-09T21:36:40.000Z,7356122,njamin,Nathan Jamin,
2011-08-15T14:21:15.000Z,355535460,bswift,Brian Swift,
2009-02-01T19:40:38.000Z,19872718,JeremySF,Jeremy Gordon,
2010-06-17T05:00:12.000Z,156527052,go_v_nd,Govind Kumar ğŸ¯,
2009-06-10T13:46:08.000Z,46114501,Cionad,Ken Conroy,
2011-07-26T10:47:32.000Z,342646334,gauravonquest,Gaurav Parmar,
2013-12-14T10:43:09.000Z,2245398626,sharma_ragz,Raghavendra Sharma,
2007-10-03T11:17:43.000Z,9223232,yemkay,Karthik M,
2010-01-17T12:00:24.000Z,105766884,Electryc,Andrei Catinean,
2008-01-29T11:16:50.000Z,12824912,hktechno,Hirotaka Kawata,
2007-03-26T15:24:28.000Z,2313131,sagasw,sagasw,
2009-09-23T20:18:05.000Z,76744226,johnsandall,John Paul Sandall,
2009-02-25T22:39:42.000Z,21930524,kapil9211,Kapil,
2008-05-22T15:54:08.000Z,14869810,trinary,Erik Cunningham,
2012-04-02T14:54:50.000Z,543471961,dimzeraw,Dimitri Warez,
2009-09-21T18:19:36.000Z,76098873,Djent_,dead//ass,
2008-11-23T02:22:10.000Z,17567316,arinto,Arinto Murdopo,
2009-01-06T22:56:35.000Z,18700012,morganestes,Morgan Estes,
2009-04-09T21:55:35.000Z,30077636,jackohurley,Jack O'Hurley,
2008-05-05T04:59:28.000Z,14655968,stevederico,Steve Derico,
2012-06-11T01:06:42.000Z,604990177,lukeklinker,Luke Klinker,
2009-07-29T18:24:54.000Z,61260444,JoeDdo,Ddo,
2008-02-08T16:29:22.000Z,13253592,cifvts,"AA, ğŸ‡ºğŸ‡¦ is ğŸ‡ªğŸ‡º",
2014-04-03T15:42:57.000Z,2425812265,develogue,Alan Gorton,
2008-04-03T19:50:39.000Z,14296243,MilosSpasic,Milos Spasic,
2008-05-07T23:50:49.000Z,14693592,thesubjective,Ryan Troy,
2009-01-13T20:07:56.000Z,18951060,_MattWelch_,Matt Welch,
2007-04-19T08:10:34.000Z,5202601,thijsw,Thijs W,
2007-03-09T18:25:13.000Z,840751,cairns,Ian Cairns,
2011-01-18T18:47:35.000Z,239917015,philwee888,Phil Wee,
2011-05-25T08:15:35.000Z,304881656,RevathiMurali,Revathi Murali,
2014-05-28T08:05:39.000Z,2529408282,prashantkrpal,Prashant Kumar,
2013-04-02T11:57:05.000Z,1322333780,moltin,Moltin (Acquired by Elastic Path),
2010-02-15T16:37:12.000Z,114500191,nealio82,Neal,
2009-05-19T17:30:25.000Z,41162766,DavidPStearns,David Stearns,
2007-03-22T13:14:40.000Z,1872601,dberlind,David Berlind,
2006-11-20T02:08:17.000Z,13166,shinypb,Mark is gone,
2007-04-02T07:47:28.000Z,3191321,noradio,Marcel Molina,
2007-07-30T18:48:45.000Z,7826502,drbarnard,David Barnard,
2007-06-13T22:01:08.000Z,6798382,mzarra,Marcus S. Zarra,
2009-03-30T01:56:39.000Z,27558636,kellyshalk,Kelly ğŸ‘©ğŸ»â€ğŸ’»,
2010-09-20T16:59:56.000Z,192968621,mdb,mark bouchard,
2007-01-17T05:05:15.000Z,652293,brentsimmons,Brent Simmons,
2009-07-18T15:59:29.000Z,57963332,chfry,Chris Fry,
2007-07-31T17:04:53.000Z,7852612,isaach,Isaac Hepworth,
2010-08-24T01:42:48.000Z,182195931,markroseboom,Mark Roseboom,
2011-04-12T07:38:02.000Z,280903807,bob_buzzard,Keir Bowden,
2007-12-12T00:27:43.000Z,11069462,OReillyMedia,O'Reilly Media,
2008-03-18T22:41:42.000Z,14173119,phpcodemonkey,Jeremy Coates,
2006-12-02T03:11:33.000Z,36183,chockenberry,Craig Hockenberry,
2007-08-08T05:19:50.000Z,8046872,ctp,Chris Parker,
2007-03-11T23:36:16.000Z,966341,jeremydurham,Jeremy Durham,
2006-12-09T04:43:27.000Z,52893,StefanHayden,Stefan Hayden,
2012-08-17T18:04:56.000Z,764176507,EJDigby,Edward Digby,
2014-05-08T01:15:35.000Z,2482991432,BFraserFanpage,Connor McDavid's Ego,
2013-12-12T23:42:46.000Z,2243072844,beatsplatform,Beats Platform,
2010-10-09T14:29:15.000Z,200519952,miss_jwo,Jenny Wong ğŸ,
2010-03-05T20:36:18.000Z,120216374,ralmn45,Mathieu | Ralmn,
2012-09-02T22:07:18.000Z,799131625,jesgvn,Jesus Galvan,
2009-03-10T14:19:58.000Z,23596358,codacho,Juaning,
2010-02-27T13:13:34.000Z,118055879,baedert,"Schupp ""&"" Wupp",
2011-02-03T08:30:11.000Z,246692506,trurom,Roman Rumin,
2013-06-07T18:27:48.000Z,1490993082,SeanMaass,Sean Maass,
2008-10-28T23:29:05.000Z,17031285,splitinfinities,Will á•™(â‡€â€¸â†¼â€¶)á•—,
2011-10-24T05:01:01.000Z,397048800,hiheyimalex,Alex McMahon,
2012-09-11T21:23:24.000Z,818212956,TwitterAU,Twitter Australia,
2012-05-28T02:26:58.000Z,592336840,Ajay_A_Bhat,Ajay Bhat,
2009-09-14T13:44:34.000Z,74159147,MrKirbeh,Tristan,
2009-03-29T19:19:58.000Z,27483951,arifyali,Arif Ali,
2010-11-02T19:46:48.000Z,211265925,davidogascon,David-Olivier Gascon,
2012-01-27T13:45:29.000Z,475828796,e_esakkimuthu,Esakkimuthu E,
2010-10-07T00:42:31.000Z,199493121,jeremiasmuiambo,Jeremias Muiambo,
2010-12-20T03:29:40.000Z,228575087,Avatar_Jack,avatar_jack,
2013-01-17T12:56:41.000Z,1098079248,qmuo,ã‚€ãŠã¡ã‘,
2009-08-07T19:35:58.000Z,63808033,parkeyparker,Aaron Parker,
2008-10-21T23:21:19.000Z,16896100,alexmarsh,Alex Marsh,
2008-12-03T01:25:53.000Z,17824785,dwlz,Dan Loewenherz,
2010-08-13T14:24:05.000Z,177962427,SenolEfendi,Kara Kartal,
2012-04-21T19:19:13.000Z,559891245,rafcio2k,RafaÅ‚ Baranowski,
2009-04-10T18:46:43.000Z,30282525,kanegae_br,Anderson Kanegae Soares Rocha,
2009-08-26T08:58:57.000Z,68936285,XavierGeerinck,Xavier Geerinck,
2009-01-15T08:48:33.000Z,19015686,AthorNZ,Josh Burton,
2010-12-26T22:27:37.000Z,230857261,stevenl,Steven Lee,
2010-09-27T16:47:35.000Z,195811241,cemezberci,Cem Ezberci,
2009-10-29T23:00:24.000Z,86185501,marcel,Marcel Joosten,
2010-11-12T03:52:21.000Z,214749101,cal_arora,Amit Arora,
2009-12-24T05:02:22.000Z,99033057,ilhamije,ilham,
2012-01-31T00:11:07.000Z,479073261,wokepolitik,braeden,
2007-12-05T17:26:15.000Z,10876852,thenextweb,TNW,
2009-08-14T08:21:00.000Z,65593092,MostafaNageeb,Mostafa Nageeb,
2009-10-03T23:42:54.000Z,79593884,iJasonx,Jason ğŸŸ¢,
2012-02-04T02:09:33.000Z,482564494,fnev_eu,"Florian ""Ori"" Neveu",
2014-05-14T08:39:35.000Z,2493882012,TasteBuder,Adam,
2011-05-03T18:17:04.000Z,292475575,cool_no_name_9,Adrian,
2011-10-17T11:46:57.000Z,392664987,RightsterDev,RightsterDev,
2011-12-03T10:59:24.000Z,427304258,LaurieAinley,Laurie Ainley,
2011-05-04T00:33:40.000Z,292649798,clay_selby,Clay Selby,
2010-01-08T15:59:53.000Z,103018280,MTalagadadeevi,Manoj Talagadadeevi,
2014-05-14T16:18:27.000Z,2494336333,aziis98,Antonio De Lucreziis,
2007-12-05T17:34:52.000Z,10877162,ommirandap,Omar Miranda,
2009-10-14T17:50:46.000Z,82415561,vishwasc,Vishwas Chouhan,
2008-03-14T15:23:24.000Z,14147284,gonzalobenoffi,Gonzalo Benoffi,
2010-03-02T19:30:50.000Z,119133521,pcfixmardel,Ricardo Camargo,
2008-05-31T10:33:57.000Z,14962190,msb5014,Mike Barry,
2009-04-18T17:09:10.000Z,32944340,bitle,Damir Suleymanov,
2010-05-01T12:27:42.000Z,139059697,mo_osama,Muhamad Osama Rashad,
2012-01-12T08:30:52.000Z,461859679,Truc55,Lee,
2009-10-16T21:43:54.000Z,82980846,vimoding,VinÃ­cius Almeida,
2008-04-10T00:51:20.000Z,14347165,trieut,Trieu,
2010-09-30T08:32:02.000Z,196945475,Stefano_Sal,Stefanos,
2013-11-03T10:31:11.000Z,2171950057,saberghal,Saber Ghalat,
2013-07-01T00:14:30.000Z,1559227964,mikesyno,Michael Synoground,
2011-01-27T22:42:12.000Z,243835945,ezeBytes,Ezequiel ChÃ¡vez,
2009-07-09T03:18:44.000Z,55126123,james1052,James Gallagher,
2008-08-24T20:32:34.000Z,15972411,Starefossen,@starefossen@snabelen.no,
2011-12-24T09:30:27.000Z,445361728,hannonizer,JÃ³hann,
2010-03-31T14:45:02.000Z,128238451,romanenko_m,Michael Romanenko,
2011-12-14T16:34:15.000Z,436821500,MasheryDev,Mashery Developers,
2009-11-26T15:37:05.000Z,92776528,b_lw,BenoÃ®t Lewandowski,
2009-07-18T15:22:08.000Z,57954909,muppal_,Mudit,
2009-04-17T06:57:01.000Z,32336346,TheDuchessSF,The Duchess,
2010-03-12T02:16:07.000Z,122239444,fonyfree,femi oni,
2008-04-09T03:48:12.000Z,14338766,phil_renaud,Phil Renaud,
2007-04-29T02:12:55.000Z,5620792,DanGordon,Daniel Gordon,
2010-11-17T21:33:04.000Z,216841040,iVirenSakariya,Viren Sakariya,
2011-04-10T16:18:11.000Z,280088365,OptimisticDs,cautiously_optimistic,
2009-05-06T18:51:18.000Z,38247793,aidaeology,AidaSF,
2011-07-15T10:41:46.000Z,335855698,Simone_Ferrini,sferrini,
2014-05-21T07:36:01.000Z,2511840510,dciips,DC-IIPS,
2008-07-08T13:13:51.000Z,15352911,schornio,Thomas Schorn,
2009-09-28T01:41:45.000Z,77891229,blakesmith9,Blake Smith,
2011-02-22T14:25:22.000Z,256030349,DawidFerenczy,Dawid Ferenczy Rogozan ğŸ¦‡ğŸ‡ªğŸ‡ºğŸ‡¨ğŸ‡¿,
2008-05-23T05:14:52.000Z,14877873,vyas,Manvesh,
2009-07-04T17:54:20.000Z,53722315,yukotakagi,yuko,
2007-05-01T18:10:19.000Z,5690392,jimmyhillis_,Jimmy Hillis,
2010-10-22T06:27:13.000Z,206071884,Pascallisch,Pascal Wallisch,
2008-11-28T21:55:16.000Z,17720683,jekis,Justin Ekis,
2009-06-05T04:01:43.000Z,44816260,jphpsf,JP,
2011-07-19T10:30:08.000Z,338282019,_deoxyz,Deo,
2012-09-09T06:18:56.000Z,812511667,rakeshadr,Rakesh Radhakrishnan,
2014-02-20T19:29:16.000Z,2353687850,gr_a_m,Grant Marshall,
2009-04-01T17:47:19.000Z,28153146,stepri,x,
2010-12-22T17:12:53.000Z,229535296,jonseet,Jonathan Seet,
2011-09-20T06:29:47.000Z,376621590,GabrielNevado95,Gabriel Nevado,
2008-03-16T22:54:02.000Z,14159930,ramaro,ramaro,
2013-04-23T09:28:27.000Z,1374258949,thibaut_ge,Thibaut,
2010-12-06T18:11:28.000Z,223550981,FlemmingMa,Flemming Madsen,
2010-06-10T02:21:39.000Z,153985504,ZelkoDvorak,Zelko Dvorak,
2006-07-17T20:47:20.000Z,2079,Technically_J,Technically J,
2009-12-25T06:46:36.000Z,99234706,nullkal,ã‚«ãƒ«,
2008-03-12T05:07:11.000Z,14130207,chrismoodycom,Chris Moody,
2009-04-14T16:58:52.000Z,31166886,bonniejeong,Bonnie J. Pecevich,
2008-11-21T18:05:32.000Z,17541722,mansillaDEV,Neil Mansilla,
2012-09-08T03:52:28.000Z,810132127,colin_durant,Colin DuRant,
2010-09-17T21:49:24.000Z,191985066,hjharnis,Harrison Harnisch (hjharnis@mastodon.social),
2012-05-21T14:34:36.000Z,586671909,VineCreators,Vine Creators,
2008-01-01T08:18:25.000Z,11709122,paulcheesbrough,Paul Cheesbrough,
2011-09-22T03:29:46.000Z,377790572,RashellHa,Rashell Habib,
2013-08-20T06:23:21.000Z,1685057017,NewsFoundry,NewsFoundry,
2011-04-09T22:26:03.000Z,279734274,brandonb927,Brandon Brown,
2008-05-20T03:39:35.000Z,14841547,bmaso,Brian Maso,
2008-10-01T05:21:30.000Z,16540649,v1mal,Vimal Kandoth,
2012-06-24T16:58:51.000Z,617289652,Kaleb_Butt,Kaleb Butt,
2013-02-06T01:40:07.000Z,1152582301,TweetPeaksCom,TweetPeaks,
2007-03-26T07:14:42.000Z,2267241,passantino,Jon Passantino,
2013-08-19T00:33:53.000Z,1681987747,KevinTalebpour,Kevin ğŸ§¢,
2009-05-21T12:03:21.000Z,41573166,tweetings,Tweetings,
2014-03-11T01:51:15.000Z,2382980971,BearSparkDev,BearSpark,
2007-01-25T12:54:58.000Z,700593,movito,Fredrik Matheson,
2008-09-09T21:25:05.000Z,16211566,MattNavarra,Matt Navarra,
2010-11-29T22:04:26.000Z,221154505,ConorS,Conor Shanley,
2011-01-14T18:25:21.000Z,238246017,Ren_Simmons,ren simmons,
2008-12-15T10:08:27.000Z,18134252,vikram,Vikram Ghotgalkar,
2014-02-20T15:32:33.000Z,2353412618,DanTintle,Dan Tintle,
2009-04-30T11:25:16.000Z,36640815,Giorgosps,Giorgos Psistakis,
2012-09-08T01:28:32.000Z,809940692,ViolaPirri,Viola,
2014-04-10T12:30:20.000Z,2436954566,isbntools,isbntools,
2014-02-08T15:29:28.000Z,2332027299,googledevs1,Google Developers,
2014-04-12T02:28:57.000Z,2439370464,overengineerer,Andrew Stuart,
2008-03-27T20:04:05.000Z,14238256,peterlie,peter lieberwirth,
2014-02-23T08:36:55.000Z,2360377241,CPSDev,ChromePenguinStudios,
2009-05-13T11:39:46.000Z,39733082,twitabella,twitabella,
2011-11-27T21:56:10.000Z,422946192,mrmonkeytech,Billy Purvis,
2008-04-15T20:13:12.000Z,14400570,rprew,Rob Prew ğŸ’¥,
2012-08-17T06:11:10.000Z,763115760,mazzillie,Emanuel Mazzilli,
2011-04-11T03:10:26.000Z,280319660,davidjrusek,David Rusek Parody Account,
2008-03-08T23:37:59.000Z,14104438,orian,Orian Marx,
2010-04-17T08:01:52.000Z,134031924,nehemiahjacob,nehemiah jacob (nehem),
2010-08-04T13:25:38.000Z,174651067,jlamigueiro,Jorge Eldis,
2010-02-24T23:33:13.000Z,117229622,andrewvergel,AndrÃ©s Rosales,
2009-06-27T18:46:38.000Z,51519247,ryanteck,@Ryanteck@fosstodon.org,
2009-06-04T17:29:44.000Z,44668175,julienvey,Julien Vey,
2013-10-05T15:06:51.000Z,1937877546,techiecommunity,Ishtek,
2011-01-25T19:02:00.000Z,242851864,m_k,Manu,
2010-07-07T14:03:10.000Z,163875377,Ar5ham_,Arsham,
2013-10-16T00:08:04.000Z,1963642982,prennix,Paul Rennix ğŸ«¡,
2011-04-23T17:11:27.000Z,286766706,wfmayo,Will Mayo,
2012-03-21T05:13:01.000Z,531938686,JennyVallecer,Jenny Vallecer ğŸ«¡ğŸ’™,
2010-09-17T20:24:22.000Z,191960291,iamziad,Ziad Ismail,
2014-04-20T04:29:25.000Z,2454185412,FilipinOTech,FilipinOTech.org,
2012-12-25T17:52:00.000Z,1035273314,jihadmahfouz199,Jihad Mahfouz,
2007-07-06T17:24:37.000Z,7297342,skowronek,Skowronek,
2010-08-18T22:44:05.000Z,180136580,torinasakura,Andrew Ghostuhin,
2009-02-18T17:13:18.000Z,21216071,MDCinMT,Mark Callahan,
2011-08-28T05:54:59.000Z,363507044,laurenschutte,Lauren Schutte,
2011-07-14T08:44:28.000Z,335185666,CedrickMkhabela,Cedrick Mkhabela,
2006-11-30T11:53:49.000Z,32193,PaulDJohnston,Paul Johnston - current focus: moving electrons,
2013-11-16T23:18:25.000Z,2198558708,a_consoli_90,Aureliano Consoli,
2008-01-24T22:29:51.000Z,12660502,frodriguez,Fernando Rodriguez Olivera,
2007-04-22T07:47:17.000Z,5394402,lgladdy,Liam,
2011-04-07T11:19:14.000Z,278486993,ikwattro,Christophe Willemsen,
2010-11-08T06:16:59.000Z,213185517,P_idem,Paulo,
2009-11-20T18:55:28.000Z,91401638,pol4r,polar,
2009-06-22T15:17:32.000Z,49657935,connorbond,Connor Bond,
2009-03-12T08:57:53.000Z,23923189,tsriram,Sriram,
2009-03-25T15:06:41.000Z,26515074,jpemeric,Jacob Emerick,
2010-05-29T14:58:56.000Z,149536429,GabzAlexandria,Gabriela Grant,
2010-12-18T12:42:43.000Z,228002268,PlumeApp,Plume,
2013-07-27T17:08:30.000Z,1625903834,oldhill_,Nate,
2010-01-03T09:50:12.000Z,101445081,KaptenBadass,Erik Fried,
2011-03-11T18:32:48.000Z,264327623,_altantawy,Mohamed AlTantawy,
2008-05-07T11:35:39.000Z,14685405,zahmed,Zulfiqar,
2009-03-06T16:41:03.000Z,23085343,dadbod,steve hult,
2007-09-29T16:45:55.000Z,9160582,usr,usr,
2012-06-18T19:39:46.000Z,611942458,MariposaAgency,Mariposa Interactive,
2010-02-03T17:10:10.000Z,111052952,PawelUramowski,Pawel Uramowski,
2009-04-03T19:06:03.000Z,28628425,SonyaPenn,Sonya Penn,
2008-12-21T20:06:28.000Z,18291833,TobiasBerg,Tobias Berg,
2008-04-27T21:30:59.000Z,14561905,ffcordeiro,Fernando,
2008-09-22T12:26:09.000Z,16402559,bchabiron,Benjamin Chabiron,
2011-01-16T12:31:41.000Z,238951602,bijendrakr,Bijendra singh,
2012-04-29T21:21:11.000Z,566682898,ATalpaert,Arthur Talpaert,
2011-04-11T16:38:21.000Z,280586684,nooga,Dan Richelson,
2014-04-25T18:02:09.000Z,2463528836,willplayforfood,ğ™½ğš’ğšŒğš” ğ™¼ğšŠğšğš‘ğšğšœğš˜ğš—,
2007-11-10T05:30:35.000Z,10119722,eriwen,Eric Wendelin,
2009-05-20T17:13:22.000Z,41401170,carlosrogue,Carlos Rodri. Guette,
2009-08-07T03:36:25.000Z,63626449,cpjones44,Chris Jones,
2013-06-28T21:07:01.000Z,1554003990,Heikko_,Hugo,
2008-12-18T17:50:00.000Z,18220106,courtneymalee,courtneymalee,
2007-04-11T01:11:30.000Z,4101701,arturogarrido,Arturo Garrido,
2008-12-22T20:34:41.000Z,18316059,sdtimes,SD Times,
2008-08-10T19:46:16.000Z,15800730,JBreloaded,Johannes Burger,
2008-12-29T11:59:39.000Z,18448279,nickcicero,Nick Cicero,
2011-11-27T02:08:04.000Z,422275875,briacm,Briac MarcattÃ©,
2008-11-05T23:06:37.000Z,17200003,snowman,J.A.M.,
2009-07-13T17:30:19.000Z,56434747,mattsgarage,Matthew Lawson,
2009-04-16T21:32:16.000Z,32161676,alexghise,Alex Ghise,
2010-05-24T20:29:57.000Z,147696114,rfunk82,Ricky Funk,
2009-06-01T15:31:43.000Z,43904013,SPSamL,Sam Larko,
2009-06-22T02:46:54.000Z,49512962,StanTwinB,McLaren Stanley,
2009-10-11T04:17:41.000Z,81514055,vashisthg,Gaurav.,
2012-05-13T17:57:24.000Z,579152876,WTheresAWill,William Lambe,
2013-04-16T12:12:09.000Z,1356741733,eng_abd_elrazek,Mohamed Abd Elrazek,
2010-07-27T23:59:41.000Z,171706036,HiroAgustin,AgustÃ­n DÃ­az,
2014-03-07T05:37:38.000Z,2376628080,AmblerMin,Ambler,
2009-11-09T19:32:43.000Z,88740011,HabjouqaEffendi,Mohammad Habjouqa,
2014-04-27T16:58:45.000Z,2466360422,ahmed_hefena,ahmed hefena,
2009-12-17T14:41:14.000Z,97455411,romainguinot,Romain,
2010-05-15T03:17:59.000Z,144030316,MaxiMP2019,Maxi,
2010-09-30T10:26:24.000Z,196969869,notarseniy,Arseniy Maximov,
2014-02-21T17:27:52.000Z,2355111260,TechDocs,TechDocs,
2014-05-01T15:16:24.000Z,2472653366,studioDmtl,David-Olivier Gascon,
2011-07-15T19:37:06.000Z,336121948,cryptoponzu,CryptoPonzu,
2009-06-20T07:54:31.000Z,48956797,dylanhogg,Dylan Hogg,
2010-10-26T21:32:07.000Z,208214002,davegreenfield,Dave Greenfield,
2011-08-31T20:32:31.000Z,365665119,nusigmalabs,nusigma,
2011-01-01T09:18:31.000Z,232792153,lego_sharat,Sharat Chandra,
2010-11-22T13:34:42.000Z,218483886,JarJarMP,PÃ©ter MarÃ³ti,
2008-01-26T01:14:49.000Z,12705022,pppaolo,Paolo Privitera,
2010-10-05T19:18:11.000Z,198991938,MelissaDaimler,Melissa Daimler,
2014-03-12T03:17:10.000Z,2384594179,kris1rawat,Krishan Singh Rawat,
2008-04-26T16:29:47.000Z,14547745,johndsmiley,John Smiley,
2013-05-28T22:19:25.000Z,1465814558,Crewzer,Mr. Rob,
2009-06-18T23:20:45.000Z,48529709,LeahBKemerling,Leah Barren Kemerling ğŸ”she/her,
2013-02-24T21:02:49.000Z,1216560577,laeraaaa,Marco Sotgiu,
2010-12-15T16:38:38.000Z,226993426,olitreadwell,ananana,
2010-12-13T15:33:38.000Z,226197382,sharypic,Sharypic,
2013-07-18T09:39:20.000Z,1603046300,____Donald____,Donald,
2013-12-17T12:06:32.000Z,2250304962,DevJ3rry,Jerry,
2009-08-31T16:50:17.000Z,70438872,ScottMoorhead,Scott Moorhead,
2009-02-06T01:54:55.000Z,20210166,eeeyan,ian shying,
2009-05-09T15:56:02.000Z,38875338,CrysMonkey,Crystal English,
2009-04-05T03:14:38.000Z,28929965,samuelmaskell,Samuel Maskell,
2007-04-13T19:52:59.000Z,4534871,joncipriano,Jonathan Cipriano,
2011-01-17T10:48:23.000Z,239327595,ma_dnl,Marius,
2009-06-30T21:30:46.000Z,52527801,pdbowes,Paul,
2013-04-29T08:56:29.000Z,1389025596,CodingCompany,Coding Company,
2010-07-01T12:41:26.000Z,161664516,bilelmoulahi,Bilel Moulahi,
2011-11-18T09:13:42.000Z,415411349,So_Buzz,So-Buzz ğŸ,
2012-03-09T21:38:09.000Z,519844388,flownform,Flow and Form (Acquired by Robin),
2008-10-25T08:06:58.000Z,16964122,indieisaconcept,Jonathan Barnett,
2012-05-29T10:04:01.000Z,593569309,lexkoen,Lex KoÄ“n,
2008-01-15T22:40:03.000Z,12297292,ConorSwanson,ConorSwanson,
2013-07-05T01:53:41.000Z,1569459648,aravindhsriram,aravindh shriram,
2012-11-01T07:06:19.000Z,918425318,BrianLehman,Brian Lehman,
2009-07-19T11:16:43.000Z,58176687,jenpomphrey,Jen Pomphrey,
2014-05-08T13:10:52.000Z,2483732713,SHG_Tosh,Dan,
2014-05-08T13:55:15.000Z,2483781992,C0r3y8,StÃ©phane Barale,
2009-01-14T19:37:05.000Z,18991369,jefflesser,Jeff Lesser ğŸ–¤,
2013-01-16T15:14:22.000Z,1095489032,thedeveloperlab,DevLab,
2012-10-26T21:02:58.000Z,906779024,threecentsapp,Three Cents,
2008-01-12T04:41:20.000Z,12143922,marknca,Mark Nunnikhoven,
2009-03-30T22:23:46.000Z,27746120,paul_shinn,paul shinn,
2007-05-18T05:16:02.000Z,6128522,JasonTiernan,Jason Tiernan,
2007-07-24T20:34:35.000Z,7694282,Dethtron5000,Peter Olson,
2010-12-30T15:49:12.000Z,232228553,l_anceM,Lance McCarthy,
2009-09-21T16:17:44.000Z,76064988,adelynlee,Adelyn Biedenbach,
2009-09-07T10:31:37.000Z,72254999,gupta_rohit,Rohit Gupta,
2009-07-30T14:09:47.000Z,61496912,alamosaravali,Alamo Saravali,
2007-12-05T12:33:22.000Z,10868922,dimazest,social.3dots.lv/@pixel,
2008-09-11T16:01:04.000Z,16242592,kkirsche,Kevin Kirsche,
2011-12-02T13:45:44.000Z,426628079,KajetanKovac,Kajetan KovaÄ,
2008-02-05T20:14:40.000Z,13109562,beshkenadze,Aleksandr Beshkenadze,
2010-05-24T13:31:47.000Z,147566398,jabranr,Jabran Rafique,
2008-06-25T02:25:38.000Z,15226527,jameshartig,James Hartig,
2008-04-10T16:36:23.000Z,14352786,earth2marsh,Marsh Gardiner,
2008-07-16T13:41:46.000Z,15454228,hereinthehive,Dan | Design Advocate @zeroheight,
2010-10-21T16:30:00.000Z,205795059,OlivierBohrer,Olivier Bohrer,
2010-05-23T00:03:12.000Z,147008980,pburtchaell,Patrick Burtchaell,
2009-05-28T20:29:51.000Z,43189395,ot2sen,Ole Bang Ottosen,
2013-05-16T03:09:36.000Z,1432050373,CodersGrid,Coder's Grid,
2008-12-11T09:35:43.000Z,18044530,analisisweb,Carlos M. LebrÃ³n,
2008-01-23T08:48:09.000Z,12586232,steitiyeh,Firas Steitiyeh,
2010-12-21T07:42:25.000Z,229002359,CJMainland,Christopher Mainland,
2008-02-25T22:32:37.000Z,13967962,Aashay,Aashay Desai,
2010-05-09T16:29:35.000Z,141991054,CoryMollet,Cory Mollet,
2008-06-13T22:09:51.000Z,15111995,nst021,Nicolas Seriot,
2009-10-30T09:58:24.000Z,86278205,_salahm,Meharga Salah,
2008-03-23T19:20:02.000Z,14203269,timparenti,Tim Parenti,
2006-09-09T13:18:35.000Z,5676,anu,anu,
2007-07-16T12:59:01.000Z,7505382,sferik,Erik Berlin,
2009-01-07T20:24:46.000Z,18736601,nivertech,zvi,
2009-07-28T15:42:29.000Z,60936295,ZillionFuxGiven,Zillion Ping,
2007-03-22T17:08:16.000Z,1907881,pacunar,Pablo AcuÃ±a,
2009-04-11T08:34:52.000Z,30422323,SDOLGY,Sasha Dolgy ğŸ‡¨ğŸ‡¦ğŸ‡¬ğŸ‡§inğŸ‡¨ğŸ‡­,
2010-10-12T21:32:13.000Z,201895414,MCKLMT,MickaÃ«l Mottet,
2010-02-14T06:57:43.000Z,114128006,vishnuraj_v,Vishnuraj V,
2011-07-27T18:08:45.000Z,343523675,gayledoud,Gayle Doud ğŸŠ,
2010-08-12T23:19:14.000Z,177739254,a11byte,Arturo Oncevay,
2012-03-19T11:05:43.000Z,529296136,jcvlz,Juan (Cam) Velez,
2009-09-11T18:23:05.000Z,73447823,ArturoAlfaro,Arturo Alfaro,
2012-05-16T11:57:03.000Z,581771072,tmnlsthrn,tmnlsthrn,
2008-05-04T14:09:54.000Z,14648265,jublo,Jublo,
2010-08-05T23:15:36.000Z,175192751,clementsauvage,ClÃ©ment S. #HeadLessCookieGuy ğŸª,
2011-06-15T21:45:20.000Z,318046158,kristw,Krist Wongsuphasawat,
2009-06-22T12:14:25.000Z,49610592,skorebrits,Sander Korebrits,
2013-12-08T10:56:49.000Z,2213761493,kevinmcginley16,Kevin McGinley,
2009-05-26T20:17:02.000Z,42708872,SonnyWhy,Sonny Cloudy Rainy Windy,
2009-04-01T09:43:03.000Z,28079183,OakAgedAlex,Alex,
2012-06-01T16:49:13.000Z,596615723,sjasct,Sam,
2012-05-09T15:22:33.000Z,575522973,mafhper,Matheus :P,
2012-11-15T19:47:28.000Z,950362814,will_eccles,Will Eccles,
2007-03-24T02:27:11.000Z,2073931,marknic,Mark Pirri,
2013-02-26T10:04:25.000Z,1221013368,ch_woerz,Christian WÃ¶rz,
2009-04-10T08:55:43.000Z,30187987,ttan_,Tommaso Tani,
2013-07-11T15:46:17.000Z,1586137674,SensusDev,Sensus Dev,
2013-11-20T12:55:00.000Z,2204863795,steeeeefun,Stefan,
2012-03-07T08:06:38.000Z,517352651,ffried,Florian Friedrich,
2009-03-28T16:49:19.000Z,27261597,dean_crounse,Dean Crounse,
2009-03-13T08:20:25.000Z,24145841,sidoza,Sid,
2012-12-31T09:05:53.000Z,1049894730,amanj203,aman.eth,
2014-03-19T14:38:38.000Z,2397984907,AlineCKzn,Aline,
2012-10-28T12:12:03.000Z,910173590,KalmanovitzN,kalmanovitz nicolas,
2014-02-11T22:58:57.000Z,2339399227,JulienVang,Vang Julien,
2009-06-28T14:07:46.000Z,51737060,daguilaraguilar,Diego Aguilar,
2014-04-06T07:32:54.000Z,2430071240,paramrao1989,Param Rao,
2011-02-21T22:40:02.000Z,255715727,Icarwiz,Aric,
2014-04-06T20:42:13.000Z,2430975474,BleeterBleet,Bleeter,
2012-02-29T02:22:42.000Z,508248798,ajain,amanjain.eth,
2007-03-14T00:28:37.000Z,1127251,filipporonco,Filippo Ronco,
2010-07-19T00:23:35.000Z,168305322,MurtzaM,Murtza Manzur,
2010-09-14T22:44:11.000Z,190820631,harishvc,Harish Chakravarthy,
2008-04-13T15:07:54.000Z,14375479,dirkbonhomme,Dirk Bonhomme,
2010-08-04T09:00:08.000Z,174590478,pberghof,Pierre Berghof ğŸ’»ğŸ‘¨â€ğŸŒ¾,
2009-04-25T21:49:27.000Z,35319958,MichaelCarusi,Michael Carusi,
2007-09-09T14:28:43.000Z,8765572,Joanna_Teo,Joanna Teo,
2008-11-12T08:31:21.000Z,17335357,kenvm97,Ken Van Mersbergen,
2014-02-12T14:24:45.000Z,2340421580,PhilTheWebGuy,Phil the Web Guy,
2009-03-22T14:10:17.000Z,25821195,thizLuiz,Luiz Felipe Schleder,
2009-10-25T15:06:03.000Z,85097417,leomantaras,{leandro} ğŸ§‰ğŸ’»,
2014-01-25T13:32:53.000Z,2310043902,AIBOT221,John Bollins,
2009-06-06T22:10:16.000Z,45225522,estebanrules,Damian Esteban,
2010-08-31T14:11:15.000Z,185227104,explicit_ruby,Explicit Ruby,
2011-10-18T13:42:02.000Z,393398065,kruk_co,Rafal Kruk,
2010-11-20T17:10:21.000Z,217829531,DavidBruant,David Bruant,
2009-05-12T01:32:42.000Z,39399490,daughterofpoets,Doa Jafri,
2011-11-20T19:36:13.000Z,417308891,loic_talon,LoÃ¯c TALON,
2010-02-15T15:44:44.000Z,114487028,LennyKhazan,Lenny Khazan,
2007-03-26T23:35:29.000Z,2373551,jakemarsh,Jake Marsh,
2010-02-22T07:51:46.000Z,116386161,niq,á‰¢áŠá‚,
2009-09-01T05:00:20.000Z,70602548,Tonejito,AndrÃ©s Tonejito,
2006-07-16T00:37:30.000Z,1081,davemcclure,Dave McClure,
2008-02-28T18:05:59.000Z,14055852,fabricewegner,Fabrice Wegner,
2009-08-14T13:58:43.000Z,65640580,hannesvdvreken,Hannes Van De Vreken,
2008-04-30T15:46:30.000Z,14601666,twenycent,Vincent Pagnard-Jourdan â˜…â˜…,
2008-04-13T18:50:58.000Z,14376924,josefslerka,Josef Å lerka,
2013-06-21T19:18:40.000Z,1537170236,SilasRioux,Silas Rioux,
2009-01-12T13:01:08.000Z,18899815,ianalis,Christian Alis,
2008-08-31T15:58:00.000Z,16067667,aaronrankin,Aaron Rankin,
2012-05-20T05:41:21.000Z,585397717,Parinda_R,Parinda,
2012-04-26T06:23:03.000Z,563492644,GemelitoLaluna,Gemelito Laluna,
2010-10-13T14:06:39.000Z,202189852,gihanchanuka,Gihan Chanuka (GC),
2013-06-19T01:49:03.000Z,1529361192,ct_adm,createch,
2010-01-25T20:59:05.000Z,108403441,MatteoGETIT,Matteo Del Corno,
2009-04-03T19:08:09.000Z,28628651,litso,Robert Manson,
2013-12-23T23:18:55.000Z,2259518760,GifnIt,Gifn,
2009-08-07T18:41:45.000Z,63796828,verified,Twitter Verified,
2014-01-30T22:44:48.000Z,2319728754,Kenneth_Keil,Kenneth Keil,
2014-03-19T05:18:59.000Z,2397301580,subhaadhikary2,subha adhikary,
2009-04-24T18:42:38.000Z,35002104,dlaqab,Daryush Laqab,
2013-03-21T00:13:13.000Z,1284614034,Archetapp,Jared Davidson,
2007-03-31T07:16:18.000Z,3044891,jozecuervo,Jose Hernandez,
2012-08-31T14:20:42.000Z,793968056,theNeomatrix369,mani sarkar  ğŸš€ ğŸ† craft-at-heart,
2014-03-13T16:12:02.000Z,2387353207,I_DEV2125,Nakiara Jordan,
2009-03-08T21:56:47.000Z,23360283,dhphases,Daniel Horn,
2009-05-03T13:44:28.000Z,37418699,danielbryantuk,Daniel Bryant,
2009-07-10T19:21:00.000Z,55641214,attshape,AT&T Shape,
2010-01-24T09:44:12.000Z,107960637,artifactsauce,Kenji Akiyama,
2009-04-13T21:23:02.000Z,30964207,marcker,~/skvgg,
2010-12-12T20:18:57.000Z,225917724,DaveyBlack180,Davey Black,
2009-04-26T22:51:13.000Z,35589724,breno_ferreira,Breno Ferreira,
2009-03-04T22:21:54.000Z,22845133,shemdani,Salim Hemdani,
2008-08-08T08:50:49.000Z,15775925,indiccoder,Hareesh Makam,
2012-07-20T05:10:46.000Z,706484948,surajgoraya,suraj g. / à¨¸à©‚à¨°à¨œ,
2007-04-17T00:28:18.000Z,4933401,yusuke,å±±æœ¬ãƒ¦ãƒ¼ã‚¹ã‚±,
2011-06-26T18:55:43.000Z,324505234,dspiechu,Dawid Åšpiechowicz,
2008-04-18T10:59:29.000Z,14431909,giosquad,Giordano Fracasso,
2013-01-17T10:42:47.000Z,1097801886,jescalantegalan,Jose Escalante,
2010-06-28T21:06:29.000Z,160674864,DanmJacks,Dan Jackson,
2010-04-02T00:35:19.000Z,128717738,beardigsit,Bear Douglas,
2009-02-23T21:03:50.000Z,21693540,jsftwww,toyin.eth,
2007-04-24T06:23:48.000Z,5455762,scotty82,Scott Simpson,
2010-09-03T02:17:16.000Z,186297302,zcommit,ì¥ë™ì„,
2012-04-10T00:49:37.000Z,549679478,rmcmx,Raquel Maldonado,
2009-10-16T09:47:38.000Z,82841909,StephenVivash,Stephen Vivash ğŸ‡¦ğŸ‡º,
2008-06-13T20:45:01.000Z,15111339,luigisrs,Luis Rodriguez,
2009-06-24T19:23:22.000Z,50405348,tpotel,Thomas POTEL,
2009-04-01T18:15:10.000Z,28158963,blythest,blythe sheldon,
2012-04-23T00:36:41.000Z,560789655,vivdelo,Viviana de Loera,
2009-04-25T17:18:00.000Z,35259912,blynn,blynn.hft #ï¸âƒ£,
2008-03-30T03:15:54.000Z,14255332,patricknixon,Pat,
2011-08-13T20:28:44.000Z,354495099,Tom_Vuillemin,Thomas Vuillemin,
2010-04-07T00:46:13.000Z,130333491,PengyuWang,Pengyu W,
2011-12-07T09:33:04.000Z,430559458,PrateekRaj13,Prateek Raj,
2014-03-07T19:06:31.000Z,2377535930,requireonceblog,Require Once,
2009-05-13T08:27:26.000Z,39714007,VictorBaissait,Victor Baissait,
2012-01-24T18:00:07.000Z,473156343,m_albarelli,Martial Albarelli,
2013-07-25T08:17:54.000Z,1619830483,TwilightHope,Twilight Hope,
2009-02-27T17:44:35.000Z,22165891,gruffvaughan,Gruff Vaughan,
2007-02-22T10:23:04.000Z,788350,aspender,Adrian Spender,
2008-07-16T04:08:04.000Z,15450292,mtwstudios,Matt Tom-Wolverton,
2012-09-12T10:12:17.000Z,819259116,17Michaelt,michaelt,
2009-03-18T00:54:40.000Z,24994925,lisariendeau,Lisa Smith,
2014-03-04T22:20:53.000Z,2372631277,BugEyedBaboon,Bug Eyed Baboon Butt,
2013-10-09T03:34:07.000Z,1948523233,dha,Donald Hamblock,
2009-06-21T01:17:50.000Z,49182919,EliCleary,Eli Cleary,
2011-10-05T01:51:30.000Z,385195745,amyf,amy farrow,
2014-03-03T14:56:29.000Z,2370535148,4Systech,4Systech ,
2014-03-02T16:44:58.000Z,2369120330,MastickGame,MastickGame,
2013-08-10T08:33:20.000Z,1659639223,rohitinked,WP Themes by Rohit,
2007-04-11T09:31:50.000Z,4149861,tbrd,tBRD ğŸ‡ªğŸ‡º ğŸŒğŸŒ²â˜€ï¸ğŸ˜·,
2009-01-13T01:10:25.000Z,18923120,DavidCosta85,David Costa | utopia world in our time,
2014-02-19T07:45:54.000Z,2352103306,AhmadAbidOmar,Ahmad Abid Abid,
2010-05-31T19:05:16.000Z,150363306,icofyre,Patrick Camacho,
2013-09-28T13:13:52.000Z,1914099366,JackLeonardme,Jack Leonard,
2013-05-28T18:52:25.000Z,1465438525,maryscomptclub,Mary's Computer Club,
2008-08-29T17:17:08.000Z,16044643,jeffreyaikin,jeffrey aikin,
2010-09-23T14:27:11.000Z,194135331,mbseid,Mike Seid,
2008-12-04T02:02:25.000Z,17856596,Wayne,wayne chang,
2009-04-21T21:16:32.000Z,34045232,taggart,Taggart Matthiesen,
2014-01-07T19:43:57.000Z,2281087117,DrinkESF,DrinkEntrepreneursSF,
2009-11-24T01:02:36.000Z,92162698,simplymeasured,Simply Measured,
2008-01-08T16:20:07.000Z,11989682,covati,Adam â–,
2010-02-15T13:57:02.000Z,114461118,rubakaz,Sergey (Ğ Ñ‚Ñ‹ Ğ¿Ñ€Ğ¾Ñ‚ĞµÑÑ‚Ğ¸Ğ» Ğ²Ğ°ĞºÑ†Ğ¸Ğ½Ñƒ?!),
2010-05-13T14:41:29.000Z,143461746,a_nammari,Ahmad Nammari,
2011-12-08T22:26:20.000Z,431985684,KicksApps,KicksApps,
2012-05-23T08:23:51.000Z,588199182,Like_A_Bot_Bot,Like a Chatbot,
2009-03-19T12:44:21.000Z,25283698,npmdigital,North Point Digital,
2007-03-13T17:24:59.000Z,1101961,gabemg,Gabriel Gonzalez,
2009-05-26T07:33:54.000Z,42584086,siavash,Siavash Mahmoudian,
2010-05-13T08:13:01.000Z,143366190,thisisakif,Akif Khan,
2011-12-06T15:40:59.000Z,429941265,TreyPoint,Trey Mayer,
2011-05-24T17:20:14.000Z,304524765,SnailAfterRain,vegetal,
2012-12-12T12:19:43.000Z,1006220888,rosecoder,Gustaf Rosenblad,
2011-10-29T15:30:20.000Z,400784453,joaquinpco,JosÃ© JoaquÃ­n,
2013-01-18T23:36:05.000Z,1102301060,alexiomota,Alexio Mota,
2012-05-12T15:54:43.000Z,578173726,RobinDhamankar,Robin Dhamankar,
2008-10-15T05:15:40.000Z,16761255,Linq2Twitr,LINQ to Twitr,
2009-01-02T12:08:42.000Z,18550821,sweetiewill,William Hoang,
2007-10-15T18:36:04.000Z,9460682,ch9,Microsoft Channel 9,
2012-08-04T15:28:04.000Z,736919767,kestelyn,Justin Kestelyn,
2009-03-04T01:30:54.000Z,22713828,manboy_eth,"ğš–ğšŠğš—ğš‹ğš˜ğš¢.ğšğšğš‘áµáµâ˜• (:D, ;D)",
2007-03-07T15:20:48.000Z,818340,marshallk,Marshall Kirkpatrick,
2009-01-17T02:13:18.000Z,19097512,vmwaretanzulabs,VMware Tanzu Labs,
2010-11-04T01:47:24.000Z,211721484,eaj,Erik August Johnson,
2009-12-13T23:31:19.000Z,96648462,coletg,Tyler Cole,
2010-04-10T18:39:24.000Z,131588506,reinpk,Peter Reinhardt,
2011-07-22T05:14:43.000Z,340122701,ReconOfGod,Inspired by God.,
2009-02-28T20:46:08.000Z,22293599,monirabuhilal,Monir Abu Hilal,
2009-04-27T17:14:44.000Z,35797450,jwgoerlich,J Wolfgang Goerlich,
2013-12-23T06:57:50.000Z,2258576646,PickAtWork,Timothy Pickard,
2007-02-21T15:14:48.000Z,786491,andypiper,Andy Piper,
2009-07-23T09:56:05.000Z,59414962,shumailxyz,Shumail Mohyuddin,
2010-06-24T22:20:27.000Z,159258400,_bsiddiqui,Basil,
2008-04-15T00:11:08.000Z,14391923,howardr,Howard R.,
2010-03-16T08:16:05.000Z,123497890,SergiSerrano,Sergi Serrano,
2008-10-12T19:44:41.000Z,16711277,beamjack,Lee Adams ğŸï¸,
2009-04-23T21:25:17.000Z,34734501,sasha_ish,Sasha M,
2009-12-30T02:42:37.000Z,100382818,K_Wilson91,Kendra Wilson,
2012-05-06T14:36:55.000Z,572683475,matchstickie,Matchstick,
2008-07-13T06:52:28.000Z,15412709,timostollenwerk,Timo Stollenwerk,
2008-06-26T00:39:25.000Z,15238540,mattraby,Matt Raby,
2007-05-24T20:54:33.000Z,6296522,adamse,Adam Seligman,
2009-04-09T23:50:10.000Z,30100884,corybe,Cory Bergman,
2009-07-11T22:15:08.000Z,55945246,johanne_q,johanne quiambao,
2009-01-18T16:05:13.000Z,19148078,MWilbanks,mwilbanks,
2007-03-11T22:50:03.000Z,963481,natea,Nate Aune,
2009-03-21T21:05:00.000Z,25728571,Zizzamia,Zizzamia.eth,
2007-10-05T22:54:17.000Z,9272312,brettstil,brett,
2012-11-16T08:01:23.000Z,951237409,Yvestch,Yves T,
2008-12-24T17:00:24.000Z,18360790,LindaLuNordling,Linda Lu Nordling,
2009-04-03T05:29:17.000Z,28511054,lmgtwit,Luke Gotszling ğŸ€,
2007-12-15T23:12:57.000Z,11207032,hunterford,Hunter Ford,
2009-11-28T04:15:27.000Z,93116823,TPPickard,Timothy Pickard,
2008-09-09T03:19:28.000Z,16197120,nathanpalmer,Nathan Palmer,
2009-02-18T15:41:54.000Z,21207026,jcastroa87,Jorge Castro,
2010-05-03T22:38:45.000Z,139867260,markwatabe,mark watabe,
2010-09-02T20:52:07.000Z,186200830,felixpalazuelos,FÃ©lix Palazuelos,
2012-12-26T11:49:21.000Z,1036963393,winstl,Winston Lee,
2013-05-23T21:08:14.000Z,1452556849,andycam_,andy cam,
2010-04-12T16:48:27.000Z,132223801,ajorgensen,Andrew Jorgensen,
2010-07-13T02:54:38.000Z,166008558,nixon1333,Ashraful Islam Nixon,
2014-02-09T03:47:23.000Z,2334480516,louisetweety_,Louise,
2008-03-18T03:54:45.000Z,14167863,onReflect,Chihhao Cheng,
2008-10-30T23:20:41.000Z,17076780,jakl,James ğŸŒ¹,
2007-07-07T02:20:37.000Z,7305682,bshine,benji shine loves trees,
2010-07-07T08:30:21.000Z,163792579,steven,Steven Liu,
2009-04-17T07:59:44.000Z,32344261,ajx,Al Kemist,
2008-01-02T03:26:41.000Z,11739102,jinen,Jinen Kamdar,
2011-08-18T20:24:18.000Z,357726609,rgs_,Raul Gutierrez S.,
2013-05-03T13:05:40.000Z,1399680834,micl,Michael Lee,
2012-06-22T14:26:06.000Z,615292548,jupanu,Marius Popescu,
2009-03-14T18:55:20.000Z,24411556,jzucker,Jordan Zucker,
2009-08-18T11:02:38.000Z,66653076,mfbasso,Marcos Basso,
2008-06-29T02:19:11.000Z,15267658,mericsson,marcus ericsson,
2012-05-09T06:12:58.000Z,575099162,selman,Samir Selman,
2013-03-01T07:02:17.000Z,1229218405,srathas,Sratha 4.5 (maybe parody),
2010-03-22T13:11:59.000Z,125327405,lohithvgsn,Lohith Vuddemarri,
2009-03-05T13:05:04.000Z,22915745,kpk,kenneth,
2009-06-19T17:27:07.000Z,48768090,PdePily,ğŸ…¿ï¸ (Tusa Pre Defqon 2023) ğŸª©,
2013-11-13T06:56:52.000Z,2191802814,TutorialOutlet,Tutorial Outlet,
2014-02-14T09:37:03.000Z,2342862659,CryptoDevs,Crypto Devs,
2009-08-31T03:15:20.000Z,70293309,trounceabout,Cody Keisler,
2008-03-11T15:43:54.000Z,14124673,EricaAmerica,Erica Anderson,
2012-08-24T21:55:16.000Z,779041232,ProjectPolly,Simon Taddiken,
2014-02-04T11:38:47.000Z,2326975771,verbosestream,verbose stream,
2008-03-20T14:51:52.000Z,14184477,rweve,Roeland Weve,
2006-09-04T11:14:42.000Z,5260,joostschuur,Joost Schuur,
2009-08-18T15:12:51.000Z,66704912,bengsfort,Matt Bengston,
2014-01-08T17:03:48.000Z,2282410340,SatoBacon,Sato,
2012-08-10T16:27:30.000Z,749638044,woodstock415,Renee Taormina,
2007-07-24T20:43:20.000Z,7694352,cpen,Carolyn Penner,
2007-03-11T23:27:01.000Z,965651,allnick,NFTNick.eth,
2009-06-12T03:23:20.000Z,46568954,nmccready,Nicholas McCready,
2009-04-16T16:17:24.000Z,31941925,erkramer,Eric Kramer,
2008-03-17T15:21:22.000Z,14163697,WadeWegner,ğŸ‡ºğŸ‡¦ğŸŒ» Wade Wegner,
2007-04-17T18:53:07.000Z,5028991,jjdelc,Jj,
2006-12-08T21:32:09.000Z,52043,abunchofrandom,Joshua Conner,
2009-05-28T14:44:05.000Z,43121984,charliestrawn,Charlie Strawn,
2013-03-25T20:25:41.000Z,1300994245,tyler_treat,Tyler Treat,
2011-05-01T15:06:51.000Z,291157046,jsa,James Anderson,
2011-12-08T16:18:09.000Z,431716633,C2_IT_Solutions,C2 Solutions,
2009-08-08T13:23:56.000Z,63964783,Cliffus,Cliff Ophalvens,
2006-12-08T04:10:57.000Z,49583,magnetbox,Ben Tesch,
2013-11-21T18:09:23.000Z,2207593776,kyleiop,You,
2011-02-14T22:53:20.000Z,252306814,identityman1,abbie,
2007-04-01T00:02:14.000Z,3089151,RawkBob,Bob,
2007-10-29T06:05:02.000Z,9768732,derekmross,Derek Ross â›“ï¸2214,
2008-05-03T21:04:44.000Z,14641502,niedzielski,Stephen Niedzielski,
2013-12-30T14:03:54.000Z,2268907022,AldoMancoJr,Aldo MaÃ±co Jr â™ªâ™«,
2013-08-03T16:17:03.000Z,1643155814,SozialLib,SozialLib,
2008-11-15T19:04:27.000Z,17411373,_berwyn_,berwyn ğŸ,
2010-03-18T16:36:57.000Z,124210563,_hacdan,David McClellan,
2009-03-02T17:09:19.000Z,22505740,grujo7,Zvonko GrujiÄ‡,
2011-03-01T23:36:58.000Z,259460132,mr_archano,Antonio Bertucci,
2009-07-08T08:53:32.000Z,54842816,slawekzak,Slawek Zak,
2011-06-09T17:56:21.000Z,314086065,JBird_Vegas,JBirdVegas,
2011-11-03T15:29:17.000Z,404186041,jpardogo,JPARDOGO,
2008-03-18T23:23:54.000Z,14173334,dbarber,Dan Barber ğŸ³ï¸â€ğŸŒˆ ğŸ‡ºğŸ‡¦,
2007-02-15T14:19:44.000Z,773824,alpyne,alpach,
2008-02-06T13:23:04.000Z,13156892,kdarty,Kevin Darty ğŸŒ®,
2011-12-26T19:36:02.000Z,447336841,rimeneattia,rimene attia,
2011-10-10T18:29:52.000Z,388421834,m_evans10,Mike Evans â˜ƒ,
2013-04-12T13:20:00.000Z,1346821652,DarioPenic,Dario Penic,
2008-12-07T16:24:19.000Z,17942962,ipereziriarte,Imanol PÃ©rez Iriarte,
2013-06-19T20:00:12.000Z,1531870591,chrissd23,Chris Dolge,
2010-04-11T22:13:15.000Z,131965508,emilsjolander,Emil SjÃ¶lander,
2009-03-28T04:15:22.000Z,27176865,kpbird,Ketan Parmar,
2009-12-10T09:04:11.000Z,95861703,antoine_merle,(â•¯Â°â–¡Â°ï¼‰â•¯ï¸µÇ×ŸÉ¹ÇÉ¯ÇuÄ±oÊ‡uÉ,
2008-06-24T21:55:47.000Z,15224484,rallat,Israel Ferrer Camacho,
2009-03-20T11:26:43.000Z,25490003,alexsteven,Alex Steven,
2009-02-13T13:41:51.000Z,20770500,romemore,romain,
2013-03-16T13:59:00.000Z,1272413971,ratamovic,Ratamovic,
2007-12-14T10:20:09.000Z,11157842,ZoltanTor,Zoltan,
2010-08-07T20:20:50.000Z,175851893,vinc686,â“‹inc,
2008-04-25T11:26:15.000Z,14525190,peterkuterna,Peter Kuterna,
2009-04-07T12:22:00.000Z,29436001,joenrv,Joaquim VergÃ¨s âš¡,
2010-06-10T06:56:50.000Z,154050798,alexduhem,Alex,
2009-03-17T18:32:04.000Z,24927488,rasroygbiv,Roy Childs,
2009-02-25T13:14:16.000Z,21863485,newtonaaron,Aaron Newton,
2009-03-04T11:54:12.000Z,22760409,nodinosaur,George MedveğŸ…ğŸ’™,
2007-10-25T18:20:56.000Z,9690352,sausaw,Saurabh Sawant,
2010-01-22T02:55:08.000Z,107289311,phpeach,Rosario GÂª de ZÃºÃ±iga,
2008-07-14T17:12:49.000Z,15429184,skoerbitz,Sven,
2007-03-26T21:25:59.000Z,2361361,MikeKearns,Mike Kearns,
2009-09-11T08:27:31.000Z,73340253,joshdevins,Josh Devins,
2007-03-29T14:43:52.000Z,2844781,GodsMoon,David Shellabarger,
2013-08-11T22:39:34.000Z,1663613648,_oememartinez,Omar.,
2010-02-12T21:10:53.000Z,113731124,dr_turkleberry,AR,
2008-04-01T09:01:23.000Z,14273442,sarathdr,sarathdr,
2011-03-03T06:50:40.000Z,260117096,patxibocos,Patxi Bocos,
2009-12-09T10:17:22.000Z,95617311,iordanis_g,Iordanis Giannakakis,
2007-12-11T20:24:26.000Z,11061182,moczul,MichaÅ‚ Moczulski,
2008-10-15T20:29:35.000Z,16793471,mtthsfrdrch,Matthias,
2008-07-15T10:39:00.000Z,15439026,dggonzalez,David GonzÃ¡lez,
2013-06-16T05:38:02.000Z,1521323119,AsiMugrabi,Asi Mugrabi,
2010-06-24T10:04:00.000Z,159058774,mr_engel,Sebastian Engel ğŸ’™,
2010-01-03T21:32:36.000Z,101577954,SeraAndroid,Tim Messerschmidt,
2008-09-29T08:53:00.000Z,16509465,_Rno_,Arnaud Vallat ğŸ‡ºğŸ‡²ğŸ‡«ğŸ‡·,
2009-01-11T17:12:53.000Z,18872463,chrisbanes,Chris Banes,
2007-08-26T04:22:08.000Z,8435702,donkeyattack,Donkey Attack,
2014-02-10T17:04:19.000Z,2336989332,MrFousik,Daniel F. ğŸ‡ªğŸ‡º ğŸŒˆ,
2009-07-26T12:54:09.000Z,60298741,simekadam,Adam Å imek ğŸ‡ºğŸ‡¦ #standwithukraine,
2007-06-01T20:22:27.000Z,6509552,edwardd,Edward Doan,
2009-05-18T10:45:38.000Z,40850972,AxelNennker,Axel Nennker,
2007-08-05T00:22:04.000Z,7962982,seeps001,Sipho Ngwenya,
2009-03-20T21:31:01.000Z,25580301,mtariqueimam,Tarique Imam,
2008-07-15T19:28:46.000Z,15444766,herrkrueger,Arne Krueger @herrkrueger@mas.to,
2008-04-26T12:19:00.000Z,14543058,reinholdlange,Reinhold Lange,
2012-02-17T23:34:50.000Z,495430242,IgorBrigadir,Igor Brigadir ğŸ‡ºğŸ‡¦ @igor@mastodon.social,
2013-03-09T03:25:12.000Z,1253294456,seenco,Seen,
2007-07-23T09:55:46.000Z,7656222,daiski,[Ì…Ì²M][Ì…Ì²J],
2007-06-11T15:43:06.000Z,6745042,tflan,Tom Flanagan,
2007-05-10T13:42:51.000Z,5930042,dcifuen,David Cifuentes,
2009-06-01T01:52:20.000Z,43803294,anderskev,Kevin Anderson,
2011-05-31T01:20:34.000Z,308218344,bepieter,Pieter Herman,
2009-02-09T09:45:03.000Z,20425606,mohdabdurraafay,âŒ˜â,
2006-07-16T06:53:48.000Z,1186,chrismessina,Chris Messina ğŸ€,
2007-03-20T17:13:25.000Z,1649321,scottag,Scott Greiff,
2009-07-22T17:50:19.000Z,59194145,aabewhite,Abe White,
2012-07-26T11:16:24.000Z,717912115,CaymanAtlantic,Cayman Atlantic,
2009-09-01T06:30:24.000Z,70615842,jitendrazaa,Jitendra Zaa,
2009-03-02T16:13:34.000Z,22498966,ahmadajmi,Ahmad Ajmi,
2010-02-03T23:15:38.000Z,111142629,JoeGlombek,Joe Glombek,
2007-05-13T18:44:46.000Z,6014122,jbo,Jose Blanco Oliver,
2008-06-16T20:10:33.000Z,15138106,geoder101,George D,
2010-06-01T06:00:59.000Z,150547106,_piyush01,Piyush Parmar,
2007-09-08T04:04:21.000Z,8739712,tranmanyo,Nick Tran,
2010-10-11T14:03:22.000Z,201275909,SSKharazmi,Sam Kharazmi,
2010-09-02T08:23:50.000Z,185974389,WaredSeger,Wared Seger,
2008-11-01T04:21:48.000Z,17096706,cindyburke,Cindy Burke â˜•ï¸,
2011-01-21T00:05:56.000Z,240890016,meghanburshteyn,Meghan,
2011-01-16T11:06:51.000Z,238930175,michaelc,Michael ğŸš˜ney,
2011-06-24T03:59:48.000Z,323026732,flavien,Flavien Bessede,
2007-04-25T09:34:01.000Z,5492842,paulmeller,Paul Meller,
2006-07-16T20:02:35.000Z,1538,chaz,Chaz,
2008-02-09T15:47:05.000Z,13284332,arntracks,gambit,
2011-05-10T19:09:57.000Z,296433771,BSkretting,Bent Skretting,
2010-02-16T00:45:18.000Z,114601918,ludoulrich,Ludo(vic) Ulrich â˜,
2006-07-13T21:28:36.000Z,637,DickHardt,Dick Hardt,
2008-01-16T20:50:21.000Z,12332112,amitkumar01,Amit Kumar,
2007-01-11T22:38:04.000Z,627363,trevin,Trevin Chow,
2007-04-06T13:15:40.000Z,3618951,raydaly,Ray Daly,
2009-04-19T04:51:15.000Z,33133332,mjkarston,matthewkarston,
2010-10-07T00:02:28.000Z,199481431,jgrankvist,Jonas Grankvist,
2011-12-20T08:24:48.000Z,441632656,ZhilanT,Zhilan,
2008-08-13T02:47:07.000Z,15831927,rjurney,Russell Jurney ğŸ‡ºğŸ‡¦,
2008-12-02T02:36:53.000Z,17797084,jessysaurusrex,Jessysaurusrex âœ¨,
2010-07-30T20:25:09.000Z,172866268,destroysultan,Troy Sultan,
2007-07-05T20:58:31.000Z,7276882,bileckme,Biyi Akinpelu ğŸ,
2008-11-27T01:36:17.000Z,17665921,PaulSaxman,Paul R. Saxman,
2009-01-16T02:18:48.000Z,19050680,jaylee66,Jay Lee,
2009-05-29T15:22:25.000Z,43348746,SharifHadidi,Sharif Hadidi,
2010-01-03T10:46:46.000Z,101452897,joshgachnang,Josh Gachnang,
2010-02-21T17:31:13.000Z,116229060,rogertheriault,Roger Theriault,
2006-06-21T22:32:47.000Z,357,wubbahed,Will Turnage (he/him),
2008-02-18T08:34:06.000Z,13614702,f2prateek,Prateek Srivastava,
2008-04-08T20:11:29.000Z,14335627,yogurtearl,Michael Bailey,
2006-11-26T20:54:57.000Z,23493,davidbabylon,David Velez,
2009-05-04T20:18:14.000Z,37748130,jaberant,Josh Aberant,
2009-08-31T18:38:39.000Z,70465503,LaurenStephan,Lauren Cohen,
2008-07-16T16:51:25.000Z,15456578,pla1,Patrick L Archibaldâ˜®ğŸš²â™¡,
2008-02-25T17:08:43.000Z,13949232,ai,anand iyer,
2010-01-08T03:23:24.000Z,102871632,oldtimefuturist,Dave Sebag,
2010-03-19T14:12:57.000Z,124471876,tanaysd,Tanay Sood,
2014-01-17T22:37:55.000Z,2296880185,wizepe,Wize,
2009-11-10T22:29:54.000Z,89039954,BlackBank3,Joris,
2014-02-07T12:15:58.000Z,2331774824,connorthedeaf,Connor,
2009-03-31T20:56:19.000Z,27961182,MissInterested,Bridget Harvey,
2009-02-08T22:15:35.000Z,20397304,jorygraham,J.O.R.Y. Graham,
2012-12-07T10:15:08.000Z,994752650,mimfinds,professional polka dot maker,
2009-04-26T10:32:14.000Z,35442559,vasujain,Vasu J,
2009-03-23T05:13:31.000Z,25958131,duncangraham,Duncan Graham,
2011-09-23T23:20:37.000Z,378863252,AngelHack,AngelHack,
2007-07-18T23:38:12.000Z,7573032,dougfjones,Doug Jones,
2008-05-17T21:58:15.000Z,14815081,PhilSwn,Phil Swanson,
2010-03-10T00:43:52.000Z,121597261,RossySheil,Ross Sheil,
2010-02-26T13:48:08.000Z,117748100,stevenahadley,Steven Hadley,
2007-04-22T21:48:22.000Z,5412602,jamwal,DJ,
2009-12-30T15:22:44.000Z,100522269,blackspiider,HÃ©lder Pereira,
2009-11-10T00:48:01.000Z,88810129,vinaykola,Vinay Kola,
2009-02-21T17:08:08.000Z,21499493,samuelbran,Samuel Bran ğŸ‡¸ğŸ‡»,
2008-06-06T21:58:37.000Z,15032926,scottknaster,Scott Knaster,
2011-12-19T06:31:31.000Z,440615826,michaelxor,Michael Hofer,
2013-12-19T01:35:27.000Z,2252792184,VentureJuice,Venture Juice,
2006-10-12T18:52:03.000Z,8739,artlung,Joe Crawford @artlung@xoxo.zone,
2009-03-06T19:11:03.000Z,23104052,bhcarpenter,Brandon Carpenter,
2009-06-15T20:33:22.000Z,47436444,jrmontag,Josh Montague,
2010-04-07T22:41:40.000Z,130649891,TwitterLive,Twitter Live,
2010-04-27T19:00:07.000Z,137780739,diana_clarke,diana,
2013-09-04T04:34:33.000Z,1727585126,pmcgee,Patrick McGee,
2011-09-21T04:12:04.000Z,377170853,joep,Joep R.,
